Ausschreibung,Preis
PRL_16_01_01_1,27.956509433962264
PRL_16_01_01_2,27.956509433962264
PRL_16_01_01_3,27.956509433962264
PRL_16_01_01_4,27.956509433962264
PRL_16_01_01_5,27.956509433962264
PRL_16_01_01_6,27.956509433962264
PRL_16_01_02_1,27.956509433962264
PRL_16_01_02_2,27.956509433962264
PRL_16_01_02_3,27.956509433962264
PRL_16_01_02_4,27.956509433962264
PRL_16_01_02_5,27.956509433962264
PRL_16_01_02_6,27.956509433962264
PRL_16_01_03_1,27.956509433962264
PRL_16_01_03_2,27.956509433962264
PRL_16_01_03_3,27.956509433962264
PRL_16_01_03_4,27.956509433962264
PRL_16_01_03_5,27.956509433962264
PRL_16_01_03_6,27.956509433962264
PRL_16_01_04_1,19.282324723247232
PRL_16_01_04_2,19.282324723247232
PRL_16_01_04_3,19.282324723247232
PRL_16_01_04_4,19.282324723247232
PRL_16_01_04_5,19.282324723247232
PRL_16_01_04_6,19.282324723247232
PRL_16_01_05_1,19.282324723247232
PRL_16_01_05_2,19.282324723247232
PRL_16_01_05_3,19.282324723247232
PRL_16_01_05_4,19.282324723247232
PRL_16_01_05_5,19.282324723247232
PRL_16_01_05_6,19.282324723247232
PRL_16_01_06_1,19.282324723247232
PRL_16_01_06_2,19.282324723247232
PRL_16_01_06_3,19.282324723247232
PRL_16_01_06_4,19.282324723247232
PRL_16_01_06_5,19.282324723247232
PRL_16_01_06_6,19.282324723247232
PRL_16_01_07_1,19.282324723247232
PRL_16_01_07_2,19.282324723247232
PRL_16_01_07_3,19.282324723247232
PRL_16_01_07_4,19.282324723247232
PRL_16_01_07_5,19.282324723247232
PRL_16_01_07_6,19.282324723247232
PRL_16_01_08_1,19.282324723247232
PRL_16_01_08_2,19.282324723247232
PRL_16_01_08_3,19.282324723247232
PRL_16_01_08_4,19.282324723247232
PRL_16_01_08_5,19.282324723247232
PRL_16_01_08_6,19.282324723247232
PRL_16_01_09_1,19.282324723247232
PRL_16_01_09_2,19.282324723247232
PRL_16_01_09_3,19.282324723247232
PRL_16_01_09_4,19.282324723247232
PRL_16_01_09_5,19.282324723247232
PRL_16_01_09_6,19.282324723247232
PRL_16_01_10_1,19.282324723247232
PRL_16_01_10_2,19.282324723247232
PRL_16_01_10_3,19.282324723247232
PRL_16_01_10_4,19.282324723247232
PRL_16_01_10_5,19.282324723247232
PRL_16_01_10_6,19.282324723247232
PRL_16_01_11_1,17.79
PRL_16_01_11_2,17.79
PRL_16_01_11_3,17.79
PRL_16_01_11_4,17.79
PRL_16_01_11_5,17.79
PRL_16_01_11_6,17.79
PRL_16_01_12_1,17.79
PRL_16_01_12_2,17.79
PRL_16_01_12_3,17.79
PRL_16_01_12_4,17.79
PRL_16_01_12_5,17.79
PRL_16_01_12_6,17.79
PRL_16_01_13_1,17.79
PRL_16_01_13_2,17.79
PRL_16_01_13_3,17.79
PRL_16_01_13_4,17.79
PRL_16_01_13_5,17.79
PRL_16_01_13_6,17.79
PRL_16_01_14_1,17.79
PRL_16_01_14_2,17.79
PRL_16_01_14_3,17.79
PRL_16_01_14_4,17.79
PRL_16_01_14_5,17.79
PRL_16_01_14_6,17.79
PRL_16_01_15_1,17.79
PRL_16_01_15_2,17.79
PRL_16_01_15_3,17.79
PRL_16_01_15_4,17.79
PRL_16_01_15_5,17.79
PRL_16_01_15_6,17.79
PRL_16_01_16_1,17.79
PRL_16_01_16_2,17.79
PRL_16_01_16_3,17.79
PRL_16_01_16_4,17.79
PRL_16_01_16_5,17.79
PRL_16_01_16_6,17.79
PRL_16_01_17_1,17.79
PRL_16_01_17_2,17.79
PRL_16_01_17_3,17.79
PRL_16_01_17_4,17.79
PRL_16_01_17_5,17.79
PRL_16_01_17_6,17.79
PRL_16_01_18_1,18.29984251968504
PRL_16_01_18_2,18.29984251968504
PRL_16_01_18_3,18.29984251968504
PRL_16_01_18_4,18.29984251968504
PRL_16_01_18_5,18.29984251968504
PRL_16_01_18_6,18.29984251968504
PRL_16_01_19_1,18.29984251968504
PRL_16_01_19_2,18.29984251968504
PRL_16_01_19_3,18.29984251968504
PRL_16_01_19_4,18.29984251968504
PRL_16_01_19_5,18.29984251968504
PRL_16_01_19_6,18.29984251968504
PRL_16_01_20_1,18.29984251968504
PRL_16_01_20_2,18.29984251968504
PRL_16_01_20_3,18.29984251968504
PRL_16_01_20_4,18.29984251968504
PRL_16_01_20_5,18.29984251968504
PRL_16_01_20_6,18.29984251968504
PRL_16_01_21_1,18.29984251968504
PRL_16_01_21_2,18.29984251968504
PRL_16_01_21_3,18.29984251968504
PRL_16_01_21_4,18.29984251968504
PRL_16_01_21_5,18.29984251968504
PRL_16_01_21_6,18.29984251968504
PRL_16_01_22_1,18.29984251968504
PRL_16_01_22_2,18.29984251968504
PRL_16_01_22_3,18.29984251968504
PRL_16_01_22_4,18.29984251968504
PRL_16_01_22_5,18.29984251968504
PRL_16_01_22_6,18.29984251968504
PRL_16_01_23_1,18.29984251968504
PRL_16_01_23_2,18.29984251968504
PRL_16_01_23_3,18.29984251968504
PRL_16_01_23_4,18.29984251968504
PRL_16_01_23_5,18.29984251968504
PRL_16_01_23_6,18.29984251968504
PRL_16_01_24_1,18.29984251968504
PRL_16_01_24_2,18.29984251968504
PRL_16_01_24_3,18.29984251968504
PRL_16_01_24_4,18.29984251968504
PRL_16_01_24_5,18.29984251968504
PRL_16_01_24_6,18.29984251968504
PRL_16_01_25_1,17.771798561151076
PRL_16_01_25_2,17.771798561151076
PRL_16_01_25_3,17.771798561151076
PRL_16_01_25_4,17.771798561151076
PRL_16_01_25_5,17.771798561151076
PRL_16_01_25_6,17.771798561151076
PRL_16_01_26_1,17.771798561151076
PRL_16_01_26_2,17.771798561151076
PRL_16_01_26_3,17.771798561151076
PRL_16_01_26_4,17.771798561151076
PRL_16_01_26_5,17.771798561151076
PRL_16_01_26_6,17.771798561151076
PRL_16_01_27_1,17.771798561151076
PRL_16_01_27_2,17.771798561151076
PRL_16_01_27_3,17.771798561151076
PRL_16_01_27_4,17.771798561151076
PRL_16_01_27_5,17.771798561151076
PRL_16_01_27_6,17.771798561151076
PRL_16_01_28_1,17.771798561151076
PRL_16_01_28_2,17.771798561151076
PRL_16_01_28_3,17.771798561151076
PRL_16_01_28_4,17.771798561151076
PRL_16_01_28_5,17.771798561151076
PRL_16_01_28_6,17.771798561151076
PRL_16_01_29_1,17.771798561151076
PRL_16_01_29_2,17.771798561151076
PRL_16_01_29_3,17.771798561151076
PRL_16_01_29_4,17.771798561151076
PRL_16_01_29_5,17.771798561151076
PRL_16_01_29_6,17.771798561151076
PRL_16_01_30_1,17.771798561151076
PRL_16_01_30_2,17.771798561151076
PRL_16_01_30_3,17.771798561151076
PRL_16_01_30_4,17.771798561151076
PRL_16_01_30_5,17.771798561151076
PRL_16_01_30_6,17.771798561151076
PRL_16_01_31_1,17.771798561151076
PRL_16_01_31_2,17.771798561151076
PRL_16_01_31_3,17.771798561151076
PRL_16_01_31_4,17.771798561151076
PRL_16_01_31_5,17.771798561151076
PRL_16_01_31_6,17.771798561151076
PRL_16_02_01_1,17.252519083969464
PRL_16_02_01_2,17.252519083969464
PRL_16_02_01_3,17.252519083969464
PRL_16_02_01_4,17.252519083969464
PRL_16_02_01_5,17.252519083969464
PRL_16_02_01_6,17.252519083969464
PRL_16_02_02_1,17.252519083969464
PRL_16_02_02_2,17.252519083969464
PRL_16_02_02_3,17.252519083969464
PRL_16_02_02_4,17.252519083969464
PRL_16_02_02_5,17.252519083969464
PRL_16_02_02_6,17.252519083969464
PRL_16_02_03_1,17.252519083969464
PRL_16_02_03_2,17.252519083969464
PRL_16_02_03_3,17.252519083969464
PRL_16_02_03_4,17.252519083969464
PRL_16_02_03_5,17.252519083969464
PRL_16_02_03_6,17.252519083969464
PRL_16_02_04_1,17.252519083969464
PRL_16_02_04_2,17.252519083969464
PRL_16_02_04_3,17.252519083969464
PRL_16_02_04_4,17.252519083969464
PRL_16_02_04_5,17.252519083969464
PRL_16_02_04_6,17.252519083969464
PRL_16_02_05_1,17.252519083969464
PRL_16_02_05_2,17.252519083969464
PRL_16_02_05_3,17.252519083969464
PRL_16_02_05_4,17.252519083969464
PRL_16_02_05_5,17.252519083969464
PRL_16_02_05_6,17.252519083969464
PRL_16_02_06_1,17.252519083969464
PRL_16_02_06_2,17.252519083969464
PRL_16_02_06_3,17.252519083969464
PRL_16_02_06_4,17.252519083969464
PRL_16_02_06_5,17.252519083969464
PRL_16_02_06_6,17.252519083969464
PRL_16_02_07_1,17.252519083969464
PRL_16_02_07_2,17.252519083969464
PRL_16_02_07_3,17.252519083969464
PRL_16_02_07_4,17.252519083969464
PRL_16_02_07_5,17.252519083969464
PRL_16_02_07_6,17.252519083969464
PRL_16_02_08_1,16.693064516129034
PRL_16_02_08_2,16.693064516129034
PRL_16_02_08_3,16.693064516129034
PRL_16_02_08_4,16.693064516129034
PRL_16_02_08_5,16.693064516129034
PRL_16_02_08_6,16.693064516129034
PRL_16_02_09_1,16.693064516129034
PRL_16_02_09_2,16.693064516129034
PRL_16_02_09_3,16.693064516129034
PRL_16_02_09_4,16.693064516129034
PRL_16_02_09_5,16.693064516129034
PRL_16_02_09_6,16.693064516129034
PRL_16_02_10_1,16.693064516129034
PRL_16_02_10_2,16.693064516129034
PRL_16_02_10_3,16.693064516129034
PRL_16_02_10_4,16.693064516129034
PRL_16_02_10_5,16.693064516129034
PRL_16_02_10_6,16.693064516129034
PRL_16_02_11_1,16.693064516129034
PRL_16_02_11_2,16.693064516129034
PRL_16_02_11_3,16.693064516129034
PRL_16_02_11_4,16.693064516129034
PRL_16_02_11_5,16.693064516129034
PRL_16_02_11_6,16.693064516129034
PRL_16_02_12_1,16.693064516129034
PRL_16_02_12_2,16.693064516129034
PRL_16_02_12_3,16.693064516129034
PRL_16_02_12_4,16.693064516129034
PRL_16_02_12_5,16.693064516129034
PRL_16_02_12_6,16.693064516129034
PRL_16_02_13_1,16.693064516129034
PRL_16_02_13_2,16.693064516129034
PRL_16_02_13_3,16.693064516129034
PRL_16_02_13_4,16.693064516129034
PRL_16_02_13_5,16.693064516129034
PRL_16_02_13_6,16.693064516129034
PRL_16_02_14_1,16.693064516129034
PRL_16_02_14_2,16.693064516129034
PRL_16_02_14_3,16.693064516129034
PRL_16_02_14_4,16.693064516129034
PRL_16_02_14_5,16.693064516129034
PRL_16_02_14_6,16.693064516129034
PRL_16_02_15_1,15.931040000000001
PRL_16_02_15_2,15.931040000000001
PRL_16_02_15_3,15.931040000000001
PRL_16_02_15_4,15.931040000000001
PRL_16_02_15_5,15.931040000000001
PRL_16_02_15_6,15.931040000000001
PRL_16_02_16_1,15.931040000000001
PRL_16_02_16_2,15.931040000000001
PRL_16_02_16_3,15.931040000000001
PRL_16_02_16_4,15.931040000000001
PRL_16_02_16_5,15.931040000000001
PRL_16_02_16_6,15.931040000000001
PRL_16_02_17_1,15.931040000000001
PRL_16_02_17_2,15.931040000000001
PRL_16_02_17_3,15.931040000000001
PRL_16_02_17_4,15.931040000000001
PRL_16_02_17_5,15.931040000000001
PRL_16_02_17_6,15.931040000000001
PRL_16_02_18_1,15.931040000000001
PRL_16_02_18_2,15.931040000000001
PRL_16_02_18_3,15.931040000000001
PRL_16_02_18_4,15.931040000000001
PRL_16_02_18_5,15.931040000000001
PRL_16_02_18_6,15.931040000000001
PRL_16_02_19_1,15.931040000000001
PRL_16_02_19_2,15.931040000000001
PRL_16_02_19_3,15.931040000000001
PRL_16_02_19_4,15.931040000000001
PRL_16_02_19_5,15.931040000000001
PRL_16_02_19_6,15.931040000000001
PRL_16_02_20_1,15.931040000000001
PRL_16_02_20_2,15.931040000000001
PRL_16_02_20_3,15.931040000000001
PRL_16_02_20_4,15.931040000000001
PRL_16_02_20_5,15.931040000000001
PRL_16_02_20_6,15.931040000000001
PRL_16_02_21_1,15.931040000000001
PRL_16_02_21_2,15.931040000000001
PRL_16_02_21_3,15.931040000000001
PRL_16_02_21_4,15.931040000000001
PRL_16_02_21_5,15.931040000000001
PRL_16_02_21_6,15.931040000000001
PRL_16_02_22_1,15.208260869565217
PRL_16_02_22_2,15.208260869565217
PRL_16_02_22_3,15.208260869565217
PRL_16_02_22_4,15.208260869565217
PRL_16_02_22_5,15.208260869565217
PRL_16_02_22_6,15.208260869565217
PRL_16_02_23_1,15.208260869565217
PRL_16_02_23_2,15.208260869565217
PRL_16_02_23_3,15.208260869565217
PRL_16_02_23_4,15.208260869565217
PRL_16_02_23_5,15.208260869565217
PRL_16_02_23_6,15.208260869565217
PRL_16_02_24_1,15.208260869565217
PRL_16_02_24_2,15.208260869565217
PRL_16_02_24_3,15.208260869565217
PRL_16_02_24_4,15.208260869565217
PRL_16_02_24_5,15.208260869565217
PRL_16_02_24_6,15.208260869565217
PRL_16_02_25_1,15.208260869565217
PRL_16_02_25_2,15.208260869565217
PRL_16_02_25_3,15.208260869565217
PRL_16_02_25_4,15.208260869565217
PRL_16_02_25_5,15.208260869565217
PRL_16_02_25_6,15.208260869565217
PRL_16_02_26_1,15.208260869565217
PRL_16_02_26_2,15.208260869565217
PRL_16_02_26_3,15.208260869565217
PRL_16_02_26_4,15.208260869565217
PRL_16_02_26_5,15.208260869565217
PRL_16_02_26_6,15.208260869565217
PRL_16_02_27_1,15.208260869565217
PRL_16_02_27_2,15.208260869565217
PRL_16_02_27_3,15.208260869565217
PRL_16_02_27_4,15.208260869565217
PRL_16_02_27_5,15.208260869565217
PRL_16_02_27_6,15.208260869565217
PRL_16_02_28_1,15.208260869565217
PRL_16_02_28_2,15.208260869565217
PRL_16_02_28_3,15.208260869565217
PRL_16_02_28_4,15.208260869565217
PRL_16_02_28_5,15.208260869565217
PRL_16_02_28_6,15.208260869565217
PRL_16_02_29_1,14.386564885496185
PRL_16_02_29_2,14.386564885496185
PRL_16_02_29_3,14.386564885496185
PRL_16_02_29_4,14.386564885496185
PRL_16_02_29_5,14.386564885496185
PRL_16_02_29_6,14.386564885496185
PRL_16_03_01_1,14.386564885496185
PRL_16_03_01_2,14.386564885496185
PRL_16_03_01_3,14.386564885496185
PRL_16_03_01_4,14.386564885496185
PRL_16_03_01_5,14.386564885496185
PRL_16_03_01_6,14.386564885496185
PRL_16_03_02_1,14.386564885496185
PRL_16_03_02_2,14.386564885496185
PRL_16_03_02_3,14.386564885496185
PRL_16_03_02_4,14.386564885496185
PRL_16_03_02_5,14.386564885496185
PRL_16_03_02_6,14.386564885496185
PRL_16_03_03_1,14.386564885496185
PRL_16_03_03_2,14.386564885496185
PRL_16_03_03_3,14.386564885496185
PRL_16_03_03_4,14.386564885496185
PRL_16_03_03_5,14.386564885496185
PRL_16_03_03_6,14.386564885496185
PRL_16_03_04_1,14.386564885496185
PRL_16_03_04_2,14.386564885496185
PRL_16_03_04_3,14.386564885496185
PRL_16_03_04_4,14.386564885496185
PRL_16_03_04_5,14.386564885496185
PRL_16_03_04_6,14.386564885496185
PRL_16_03_05_1,14.386564885496185
PRL_16_03_05_2,14.386564885496185
PRL_16_03_05_3,14.386564885496185
PRL_16_03_05_4,14.386564885496185
PRL_16_03_05_5,14.386564885496185
PRL_16_03_05_6,14.386564885496185
PRL_16_03_06_1,14.386564885496185
PRL_16_03_06_2,14.386564885496185
PRL_16_03_06_3,14.386564885496185
PRL_16_03_06_4,14.386564885496185
PRL_16_03_06_5,14.386564885496185
PRL_16_03_06_6,14.386564885496185
PRL_16_03_07_1,13.61763157894737
PRL_16_03_07_2,13.61763157894737
PRL_16_03_07_3,13.61763157894737
PRL_16_03_07_4,13.61763157894737
PRL_16_03_07_5,13.61763157894737
PRL_16_03_07_6,13.61763157894737
PRL_16_03_08_1,13.61763157894737
PRL_16_03_08_2,13.61763157894737
PRL_16_03_08_3,13.61763157894737
PRL_16_03_08_4,13.61763157894737
PRL_16_03_08_5,13.61763157894737
PRL_16_03_08_6,13.61763157894737
PRL_16_03_09_1,13.61763157894737
PRL_16_03_09_2,13.61763157894737
PRL_16_03_09_3,13.61763157894737
PRL_16_03_09_4,13.61763157894737
PRL_16_03_09_5,13.61763157894737
PRL_16_03_09_6,13.61763157894737
PRL_16_03_10_1,13.61763157894737
PRL_16_03_10_2,13.61763157894737
PRL_16_03_10_3,13.61763157894737
PRL_16_03_10_4,13.61763157894737
PRL_16_03_10_5,13.61763157894737
PRL_16_03_10_6,13.61763157894737
PRL_16_03_11_1,13.61763157894737
PRL_16_03_11_2,13.61763157894737
PRL_16_03_11_3,13.61763157894737
PRL_16_03_11_4,13.61763157894737
PRL_16_03_11_5,13.61763157894737
PRL_16_03_11_6,13.61763157894737
PRL_16_03_12_1,13.61763157894737
PRL_16_03_12_2,13.61763157894737
PRL_16_03_12_3,13.61763157894737
PRL_16_03_12_4,13.61763157894737
PRL_16_03_12_5,13.61763157894737
PRL_16_03_12_6,13.61763157894737
PRL_16_03_13_1,13.61763157894737
PRL_16_03_13_2,13.61763157894737
PRL_16_03_13_3,13.61763157894737
PRL_16_03_13_4,13.61763157894737
PRL_16_03_13_5,13.61763157894737
PRL_16_03_13_6,13.61763157894737
PRL_16_03_14_1,12.8717880794702
PRL_16_03_14_2,12.8717880794702
PRL_16_03_14_3,12.8717880794702
PRL_16_03_14_4,12.8717880794702
PRL_16_03_14_5,12.8717880794702
PRL_16_03_14_6,12.8717880794702
PRL_16_03_15_1,12.8717880794702
PRL_16_03_15_2,12.8717880794702
PRL_16_03_15_3,12.8717880794702
PRL_16_03_15_4,12.8717880794702
PRL_16_03_15_5,12.8717880794702
PRL_16_03_15_6,12.8717880794702
PRL_16_03_16_1,12.8717880794702
PRL_16_03_16_2,12.8717880794702
PRL_16_03_16_3,12.8717880794702
PRL_16_03_16_4,12.8717880794702
PRL_16_03_16_5,12.8717880794702
PRL_16_03_16_6,12.8717880794702
PRL_16_03_17_1,12.8717880794702
PRL_16_03_17_2,12.8717880794702
PRL_16_03_17_3,12.8717880794702
PRL_16_03_17_4,12.8717880794702
PRL_16_03_17_5,12.8717880794702
PRL_16_03_17_6,12.8717880794702
PRL_16_03_18_1,12.8717880794702
PRL_16_03_18_2,12.8717880794702
PRL_16_03_18_3,12.8717880794702
PRL_16_03_18_4,12.8717880794702
PRL_16_03_18_5,12.8717880794702
PRL_16_03_18_6,12.8717880794702
PRL_16_03_19_1,12.8717880794702
PRL_16_03_19_2,12.8717880794702
PRL_16_03_19_3,12.8717880794702
PRL_16_03_19_4,12.8717880794702
PRL_16_03_19_5,12.8717880794702
PRL_16_03_19_6,12.8717880794702
PRL_16_03_20_1,12.8717880794702
PRL_16_03_20_2,12.8717880794702
PRL_16_03_20_3,12.8717880794702
PRL_16_03_20_4,12.8717880794702
PRL_16_03_20_5,12.8717880794702
PRL_16_03_20_6,12.8717880794702
PRL_16_03_21_1,12.539159663865547
PRL_16_03_21_2,12.539159663865547
PRL_16_03_21_3,12.539159663865547
PRL_16_03_21_4,12.539159663865547
PRL_16_03_21_5,12.539159663865547
PRL_16_03_21_6,12.539159663865547
PRL_16_03_22_1,12.539159663865547
PRL_16_03_22_2,12.539159663865547
PRL_16_03_22_3,12.539159663865547
PRL_16_03_22_4,12.539159663865547
PRL_16_03_22_5,12.539159663865547
PRL_16_03_22_6,12.539159663865547
PRL_16_03_23_1,12.539159663865547
PRL_16_03_23_2,12.539159663865547
PRL_16_03_23_3,12.539159663865547
PRL_16_03_23_4,12.539159663865547
PRL_16_03_23_5,12.539159663865547
PRL_16_03_23_6,12.539159663865547
PRL_16_03_24_1,12.539159663865547
PRL_16_03_24_2,12.539159663865547
PRL_16_03_24_3,12.539159663865547
PRL_16_03_24_4,12.539159663865547
PRL_16_03_24_5,12.539159663865547
PRL_16_03_24_6,12.539159663865547
PRL_16_03_25_1,12.539159663865547
PRL_16_03_25_2,12.539159663865547
PRL_16_03_25_3,12.539159663865547
PRL_16_03_25_4,12.539159663865547
PRL_16_03_25_5,12.539159663865547
PRL_16_03_25_6,12.539159663865547
PRL_16_03_26_1,12.539159663865547
PRL_16_03_26_2,12.539159663865547
PRL_16_03_26_3,12.539159663865547
PRL_16_03_26_4,12.539159663865547
PRL_16_03_26_5,12.539159663865547
PRL_16_03_26_6,12.539159663865547
PRL_16_03_27_1,12.539159663865547
PRL_16_03_27_2,12.539159663865547
PRL_16_03_27_3,12.539159663865547
PRL_16_03_27_4,12.539159663865547
PRL_16_03_27_5,12.539159663865547
PRL_16_03_27_6,12.539159663865547
PRL_16_03_28_1,12.610535714285716
PRL_16_03_28_2,12.610535714285716
PRL_16_03_28_3,12.610535714285716
PRL_16_03_28_4,12.610535714285716
PRL_16_03_28_5,12.610535714285716
PRL_16_03_28_6,12.610535714285716
PRL_16_03_29_1,12.610535714285716
PRL_16_03_29_2,12.610535714285716
PRL_16_03_29_3,12.610535714285716
PRL_16_03_29_4,12.610535714285716
PRL_16_03_29_5,12.610535714285716
PRL_16_03_29_6,12.610535714285716
PRL_16_03_30_1,12.610535714285716
PRL_16_03_30_2,12.610535714285716
PRL_16_03_30_3,12.610535714285716
PRL_16_03_30_4,12.610535714285716
PRL_16_03_30_5,12.610535714285716
PRL_16_03_30_6,12.610535714285716
PRL_16_03_31_1,12.610535714285716
PRL_16_03_31_2,12.610535714285716
PRL_16_03_31_3,12.610535714285716
PRL_16_03_31_4,12.610535714285716
PRL_16_03_31_5,12.610535714285716
PRL_16_03_31_6,12.610535714285716
PRL_16_04_01_1,12.610535714285716
PRL_16_04_01_2,12.610535714285716
PRL_16_04_01_3,12.610535714285716
PRL_16_04_01_4,12.610535714285716
PRL_16_04_01_5,12.610535714285716
PRL_16_04_01_6,12.610535714285716
PRL_16_04_02_1,12.610535714285716
PRL_16_04_02_2,12.610535714285716
PRL_16_04_02_3,12.610535714285716
PRL_16_04_02_4,12.610535714285716
PRL_16_04_02_5,12.610535714285716
PRL_16_04_02_6,12.610535714285716
PRL_16_04_03_1,12.610535714285716
PRL_16_04_03_2,12.610535714285716
PRL_16_04_03_3,12.610535714285716
PRL_16_04_03_4,12.610535714285716
PRL_16_04_03_5,12.610535714285716
PRL_16_04_03_6,12.610535714285716
PRL_16_04_04_1,12.694583333333334
PRL_16_04_04_2,12.694583333333334
PRL_16_04_04_3,12.694583333333334
PRL_16_04_04_4,12.694583333333334
PRL_16_04_04_5,12.694583333333334
PRL_16_04_04_6,12.694583333333334
PRL_16_04_05_1,12.694583333333334
PRL_16_04_05_2,12.694583333333334
PRL_16_04_05_3,12.694583333333334
PRL_16_04_05_4,12.694583333333334
PRL_16_04_05_5,12.694583333333334
PRL_16_04_05_6,12.694583333333334
PRL_16_04_06_1,12.694583333333334
PRL_16_04_06_2,12.694583333333334
PRL_16_04_06_3,12.694583333333334
PRL_16_04_06_4,12.694583333333334
PRL_16_04_06_5,12.694583333333334
PRL_16_04_06_6,12.694583333333334
PRL_16_04_07_1,12.694583333333334
PRL_16_04_07_2,12.694583333333334
PRL_16_04_07_3,12.694583333333334
PRL_16_04_07_4,12.694583333333334
PRL_16_04_07_5,12.694583333333334
PRL_16_04_07_6,12.694583333333334
PRL_16_04_08_1,12.694583333333334
PRL_16_04_08_2,12.694583333333334
PRL_16_04_08_3,12.694583333333334
PRL_16_04_08_4,12.694583333333334
PRL_16_04_08_5,12.694583333333334
PRL_16_04_08_6,12.694583333333334
PRL_16_04_09_1,12.694583333333334
PRL_16_04_09_2,12.694583333333334
PRL_16_04_09_3,12.694583333333334
PRL_16_04_09_4,12.694583333333334
PRL_16_04_09_5,12.694583333333334
PRL_16_04_09_6,12.694583333333334
PRL_16_04_10_1,12.694583333333334
PRL_16_04_10_2,12.694583333333334
PRL_16_04_10_3,12.694583333333334
PRL_16_04_10_4,12.694583333333334
PRL_16_04_10_5,12.694583333333334
PRL_16_04_10_6,12.694583333333334
PRL_16_04_11_1,12.730283687943263
PRL_16_04_11_2,12.730283687943263
PRL_16_04_11_3,12.730283687943263
PRL_16_04_11_4,12.730283687943263
PRL_16_04_11_5,12.730283687943263
PRL_16_04_11_6,12.730283687943263
PRL_16_04_12_1,12.730283687943263
PRL_16_04_12_2,12.730283687943263
PRL_16_04_12_3,12.730283687943263
PRL_16_04_12_4,12.730283687943263
PRL_16_04_12_5,12.730283687943263
PRL_16_04_12_6,12.730283687943263
PRL_16_04_13_1,12.730283687943263
PRL_16_04_13_2,12.730283687943263
PRL_16_04_13_3,12.730283687943263
PRL_16_04_13_4,12.730283687943263
PRL_16_04_13_5,12.730283687943263
PRL_16_04_13_6,12.730283687943263
PRL_16_04_14_1,12.730283687943263
PRL_16_04_14_2,12.730283687943263
PRL_16_04_14_3,12.730283687943263
PRL_16_04_14_4,12.730283687943263
PRL_16_04_14_5,12.730283687943263
PRL_16_04_14_6,12.730283687943263
PRL_16_04_15_1,12.730283687943263
PRL_16_04_15_2,12.730283687943263
PRL_16_04_15_3,12.730283687943263
PRL_16_04_15_4,12.730283687943263
PRL_16_04_15_5,12.730283687943263
PRL_16_04_15_6,12.730283687943263
PRL_16_04_16_1,12.730283687943263
PRL_16_04_16_2,12.730283687943263
PRL_16_04_16_3,12.730283687943263
PRL_16_04_16_4,12.730283687943263
PRL_16_04_16_5,12.730283687943263
PRL_16_04_16_6,12.730283687943263
PRL_16_04_17_1,12.730283687943263
PRL_16_04_17_2,12.730283687943263
PRL_16_04_17_3,12.730283687943263
PRL_16_04_17_4,12.730283687943263
PRL_16_04_17_5,12.730283687943263
PRL_16_04_17_6,12.730283687943263
PRL_16_04_18_1,12.729939393939395
PRL_16_04_18_2,12.729939393939395
PRL_16_04_18_3,12.729939393939395
PRL_16_04_18_4,12.729939393939395
PRL_16_04_18_5,12.729939393939395
PRL_16_04_18_6,12.729939393939395
PRL_16_04_19_1,12.729939393939395
PRL_16_04_19_2,12.729939393939395
PRL_16_04_19_3,12.729939393939395
PRL_16_04_19_4,12.729939393939395
PRL_16_04_19_5,12.729939393939395
PRL_16_04_19_6,12.729939393939395
PRL_16_04_20_1,12.729939393939395
PRL_16_04_20_2,12.729939393939395
PRL_16_04_20_3,12.729939393939395
PRL_16_04_20_4,12.729939393939395
PRL_16_04_20_5,12.729939393939395
PRL_16_04_20_6,12.729939393939395
PRL_16_04_21_1,12.729939393939395
PRL_16_04_21_2,12.729939393939395
PRL_16_04_21_3,12.729939393939395
PRL_16_04_21_4,12.729939393939395
PRL_16_04_21_5,12.729939393939395
PRL_16_04_21_6,12.729939393939395
PRL_16_04_22_1,12.729939393939395
PRL_16_04_22_2,12.729939393939395
PRL_16_04_22_3,12.729939393939395
PRL_16_04_22_4,12.729939393939395
PRL_16_04_22_5,12.729939393939395
PRL_16_04_22_6,12.729939393939395
PRL_16_04_23_1,12.729939393939395
PRL_16_04_23_2,12.729939393939395
PRL_16_04_23_3,12.729939393939395
PRL_16_04_23_4,12.729939393939395
PRL_16_04_23_5,12.729939393939395
PRL_16_04_23_6,12.729939393939395
PRL_16_04_24_1,12.729939393939395
PRL_16_04_24_2,12.729939393939395
PRL_16_04_24_3,12.729939393939395
PRL_16_04_24_4,12.729939393939395
PRL_16_04_24_5,12.729939393939395
PRL_16_04_24_6,12.729939393939395
PRL_16_04_25_1,13.16974683544304
PRL_16_04_25_2,13.16974683544304
PRL_16_04_25_3,13.16974683544304
PRL_16_04_25_4,13.16974683544304
PRL_16_04_25_5,13.16974683544304
PRL_16_04_25_6,13.16974683544304
PRL_16_04_26_1,13.16974683544304
PRL_16_04_26_2,13.16974683544304
PRL_16_04_26_3,13.16974683544304
PRL_16_04_26_4,13.16974683544304
PRL_16_04_26_5,13.16974683544304
PRL_16_04_26_6,13.16974683544304
PRL_16_04_27_1,13.16974683544304
PRL_16_04_27_2,13.16974683544304
PRL_16_04_27_3,13.16974683544304
PRL_16_04_27_4,13.16974683544304
PRL_16_04_27_5,13.16974683544304
PRL_16_04_27_6,13.16974683544304
PRL_16_04_28_1,13.16974683544304
PRL_16_04_28_2,13.16974683544304
PRL_16_04_28_3,13.16974683544304
PRL_16_04_28_4,13.16974683544304
PRL_16_04_28_5,13.16974683544304
PRL_16_04_28_6,13.16974683544304
PRL_16_04_29_1,13.16974683544304
PRL_16_04_29_2,13.16974683544304
PRL_16_04_29_3,13.16974683544304
PRL_16_04_29_4,13.16974683544304
PRL_16_04_29_5,13.16974683544304
PRL_16_04_29_6,13.16974683544304
PRL_16_04_30_1,13.16974683544304
PRL_16_04_30_2,13.16974683544304
PRL_16_04_30_3,13.16974683544304
PRL_16_04_30_4,13.16974683544304
PRL_16_04_30_5,13.16974683544304
PRL_16_04_30_6,13.16974683544304
PRL_16_05_01_1,13.16974683544304
PRL_16_05_01_2,13.16974683544304
PRL_16_05_01_3,13.16974683544304
PRL_16_05_01_4,13.16974683544304
PRL_16_05_01_5,13.16974683544304
PRL_16_05_01_6,13.16974683544304
PRL_16_05_02_1,13.545228758169936
PRL_16_05_02_2,13.545228758169936
PRL_16_05_02_3,13.545228758169936
PRL_16_05_02_4,13.545228758169936
PRL_16_05_02_5,13.545228758169936
PRL_16_05_02_6,13.545228758169936
PRL_16_05_03_1,13.545228758169936
PRL_16_05_03_2,13.545228758169936
PRL_16_05_03_3,13.545228758169936
PRL_16_05_03_4,13.545228758169936
PRL_16_05_03_5,13.545228758169936
PRL_16_05_03_6,13.545228758169936
PRL_16_05_04_1,13.545228758169936
PRL_16_05_04_2,13.545228758169936
PRL_16_05_04_3,13.545228758169936
PRL_16_05_04_4,13.545228758169936
PRL_16_05_04_5,13.545228758169936
PRL_16_05_04_6,13.545228758169936
PRL_16_05_05_1,13.545228758169936
PRL_16_05_05_2,13.545228758169936
PRL_16_05_05_3,13.545228758169936
PRL_16_05_05_4,13.545228758169936
PRL_16_05_05_5,13.545228758169936
PRL_16_05_05_6,13.545228758169936
PRL_16_05_06_1,13.545228758169936
PRL_16_05_06_2,13.545228758169936
PRL_16_05_06_3,13.545228758169936
PRL_16_05_06_4,13.545228758169936
PRL_16_05_06_5,13.545228758169936
PRL_16_05_06_6,13.545228758169936
PRL_16_05_07_1,13.545228758169936
PRL_16_05_07_2,13.545228758169936
PRL_16_05_07_3,13.545228758169936
PRL_16_05_07_4,13.545228758169936
PRL_16_05_07_5,13.545228758169936
PRL_16_05_07_6,13.545228758169936
PRL_16_05_08_1,13.545228758169936
PRL_16_05_08_2,13.545228758169936
PRL_16_05_08_3,13.545228758169936
PRL_16_05_08_4,13.545228758169936
PRL_16_05_08_5,13.545228758169936
PRL_16_05_08_6,13.545228758169936
PRL_16_05_09_1,14.668133333333332
PRL_16_05_09_2,14.668133333333332
PRL_16_05_09_3,14.668133333333332
PRL_16_05_09_4,14.668133333333332
PRL_16_05_09_5,14.668133333333332
PRL_16_05_09_6,14.668133333333332
PRL_16_05_10_1,14.668133333333332
PRL_16_05_10_2,14.668133333333332
PRL_16_05_10_3,14.668133333333332
PRL_16_05_10_4,14.668133333333332
PRL_16_05_10_5,14.668133333333332
PRL_16_05_10_6,14.668133333333332
PRL_16_05_11_1,14.668133333333332
PRL_16_05_11_2,14.668133333333332
PRL_16_05_11_3,14.668133333333332
PRL_16_05_11_4,14.668133333333332
PRL_16_05_11_5,14.668133333333332
PRL_16_05_11_6,14.668133333333332
PRL_16_05_12_1,14.668133333333332
PRL_16_05_12_2,14.668133333333332
PRL_16_05_12_3,14.668133333333332
PRL_16_05_12_4,14.668133333333332
PRL_16_05_12_5,14.668133333333332
PRL_16_05_12_6,14.668133333333332
PRL_16_05_13_1,14.668133333333332
PRL_16_05_13_2,14.668133333333332
PRL_16_05_13_3,14.668133333333332
PRL_16_05_13_4,14.668133333333332
PRL_16_05_13_5,14.668133333333332
PRL_16_05_13_6,14.668133333333332
PRL_16_05_14_1,14.668133333333332
PRL_16_05_14_2,14.668133333333332
PRL_16_05_14_3,14.668133333333332
PRL_16_05_14_4,14.668133333333332
PRL_16_05_14_5,14.668133333333332
PRL_16_05_14_6,14.668133333333332
PRL_16_05_15_1,14.668133333333332
PRL_16_05_15_2,14.668133333333332
PRL_16_05_15_3,14.668133333333332
PRL_16_05_15_4,14.668133333333332
PRL_16_05_15_5,14.668133333333332
PRL_16_05_15_6,14.668133333333332
PRL_16_05_16_1,17.845460992907803
PRL_16_05_16_2,17.845460992907803
PRL_16_05_16_3,17.845460992907803
PRL_16_05_16_4,17.845460992907803
PRL_16_05_16_5,17.845460992907803
PRL_16_05_16_6,17.845460992907803
PRL_16_05_17_1,17.845460992907803
PRL_16_05_17_2,17.845460992907803
PRL_16_05_17_3,17.845460992907803
PRL_16_05_17_4,17.845460992907803
PRL_16_05_17_5,17.845460992907803
PRL_16_05_17_6,17.845460992907803
PRL_16_05_18_1,17.845460992907803
PRL_16_05_18_2,17.845460992907803
PRL_16_05_18_3,17.845460992907803
PRL_16_05_18_4,17.845460992907803
PRL_16_05_18_5,17.845460992907803
PRL_16_05_18_6,17.845460992907803
PRL_16_05_19_1,17.845460992907803
PRL_16_05_19_2,17.845460992907803
PRL_16_05_19_3,17.845460992907803
PRL_16_05_19_4,17.845460992907803
PRL_16_05_19_5,17.845460992907803
PRL_16_05_19_6,17.845460992907803
PRL_16_05_20_1,17.845460992907803
PRL_16_05_20_2,17.845460992907803
PRL_16_05_20_3,17.845460992907803
PRL_16_05_20_4,17.845460992907803
PRL_16_05_20_5,17.845460992907803
PRL_16_05_20_6,17.845460992907803
PRL_16_05_21_1,17.845460992907803
PRL_16_05_21_2,17.845460992907803
PRL_16_05_21_3,17.845460992907803
PRL_16_05_21_4,17.845460992907803
PRL_16_05_21_5,17.845460992907803
PRL_16_05_21_6,17.845460992907803
PRL_16_05_22_1,17.845460992907803
PRL_16_05_22_2,17.845460992907803
PRL_16_05_22_3,17.845460992907803
PRL_16_05_22_4,17.845460992907803
PRL_16_05_22_5,17.845460992907803
PRL_16_05_22_6,17.845460992907803
PRL_16_05_23_1,20.31408163265306
PRL_16_05_23_2,20.31408163265306
PRL_16_05_23_3,20.31408163265306
PRL_16_05_23_4,20.31408163265306
PRL_16_05_23_5,20.31408163265306
PRL_16_05_23_6,20.31408163265306
PRL_16_05_24_1,20.31408163265306
PRL_16_05_24_2,20.31408163265306
PRL_16_05_24_3,20.31408163265306
PRL_16_05_24_4,20.31408163265306
PRL_16_05_24_5,20.31408163265306
PRL_16_05_24_6,20.31408163265306
PRL_16_05_25_1,20.31408163265306
PRL_16_05_25_2,20.31408163265306
PRL_16_05_25_3,20.31408163265306
PRL_16_05_25_4,20.31408163265306
PRL_16_05_25_5,20.31408163265306
PRL_16_05_25_6,20.31408163265306
PRL_16_05_26_1,20.31408163265306
PRL_16_05_26_2,20.31408163265306
PRL_16_05_26_3,20.31408163265306
PRL_16_05_26_4,20.31408163265306
PRL_16_05_26_5,20.31408163265306
PRL_16_05_26_6,20.31408163265306
PRL_16_05_27_1,20.31408163265306
PRL_16_05_27_2,20.31408163265306
PRL_16_05_27_3,20.31408163265306
PRL_16_05_27_4,20.31408163265306
PRL_16_05_27_5,20.31408163265306
PRL_16_05_27_6,20.31408163265306
PRL_16_05_28_1,20.31408163265306
PRL_16_05_28_2,20.31408163265306
PRL_16_05_28_3,20.31408163265306
PRL_16_05_28_4,20.31408163265306
PRL_16_05_28_5,20.31408163265306
PRL_16_05_28_6,20.31408163265306
PRL_16_05_29_1,20.31408163265306
PRL_16_05_29_2,20.31408163265306
PRL_16_05_29_3,20.31408163265306
PRL_16_05_29_4,20.31408163265306
PRL_16_05_29_5,20.31408163265306
PRL_16_05_29_6,20.31408163265306
PRL_16_05_30_1,20.31585714285714
PRL_16_05_30_2,20.31585714285714
PRL_16_05_30_3,20.31585714285714
PRL_16_05_30_4,20.31585714285714
PRL_16_05_30_5,20.31585714285714
PRL_16_05_30_6,20.31585714285714
PRL_16_05_31_1,20.31585714285714
PRL_16_05_31_2,20.31585714285714
PRL_16_05_31_3,20.31585714285714
PRL_16_05_31_4,20.31585714285714
PRL_16_05_31_5,20.31585714285714
PRL_16_05_31_6,20.31585714285714
PRL_16_06_01_1,20.31585714285714
PRL_16_06_01_2,20.31585714285714
PRL_16_06_01_3,20.31585714285714
PRL_16_06_01_4,20.31585714285714
PRL_16_06_01_5,20.31585714285714
PRL_16_06_01_6,20.31585714285714
PRL_16_06_02_1,20.31585714285714
PRL_16_06_02_2,20.31585714285714
PRL_16_06_02_3,20.31585714285714
PRL_16_06_02_4,20.31585714285714
PRL_16_06_02_5,20.31585714285714
PRL_16_06_02_6,20.31585714285714
PRL_16_06_03_1,20.31585714285714
PRL_16_06_03_2,20.31585714285714
PRL_16_06_03_3,20.31585714285714
PRL_16_06_03_4,20.31585714285714
PRL_16_06_03_5,20.31585714285714
PRL_16_06_03_6,20.31585714285714
PRL_16_06_04_1,20.31585714285714
PRL_16_06_04_2,20.31585714285714
PRL_16_06_04_3,20.31585714285714
PRL_16_06_04_4,20.31585714285714
PRL_16_06_04_5,20.31585714285714
PRL_16_06_04_6,20.31585714285714
PRL_16_06_05_1,20.31585714285714
PRL_16_06_05_2,20.31585714285714
PRL_16_06_05_3,20.31585714285714
PRL_16_06_05_4,20.31585714285714
PRL_16_06_05_5,20.31585714285714
PRL_16_06_05_6,20.31585714285714
PRL_16_06_06_1,19.837751937984496
PRL_16_06_06_2,19.837751937984496
PRL_16_06_06_3,19.837751937984496
PRL_16_06_06_4,19.837751937984496
PRL_16_06_06_5,19.837751937984496
PRL_16_06_06_6,19.837751937984496
PRL_16_06_07_1,19.837751937984496
PRL_16_06_07_2,19.837751937984496
PRL_16_06_07_3,19.837751937984496
PRL_16_06_07_4,19.837751937984496
PRL_16_06_07_5,19.837751937984496
PRL_16_06_07_6,19.837751937984496
PRL_16_06_08_1,19.837751937984496
PRL_16_06_08_2,19.837751937984496
PRL_16_06_08_3,19.837751937984496
PRL_16_06_08_4,19.837751937984496
PRL_16_06_08_5,19.837751937984496
PRL_16_06_08_6,19.837751937984496
PRL_16_06_09_1,19.837751937984496
PRL_16_06_09_2,19.837751937984496
PRL_16_06_09_3,19.837751937984496
PRL_16_06_09_4,19.837751937984496
PRL_16_06_09_5,19.837751937984496
PRL_16_06_09_6,19.837751937984496
PRL_16_06_10_1,19.837751937984496
PRL_16_06_10_2,19.837751937984496
PRL_16_06_10_3,19.837751937984496
PRL_16_06_10_4,19.837751937984496
PRL_16_06_10_5,19.837751937984496
PRL_16_06_10_6,19.837751937984496
PRL_16_06_11_1,19.837751937984496
PRL_16_06_11_2,19.837751937984496
PRL_16_06_11_3,19.837751937984496
PRL_16_06_11_4,19.837751937984496
PRL_16_06_11_5,19.837751937984496
PRL_16_06_11_6,19.837751937984496
PRL_16_06_12_1,19.837751937984496
PRL_16_06_12_2,19.837751937984496
PRL_16_06_12_3,19.837751937984496
PRL_16_06_12_4,19.837751937984496
PRL_16_06_12_5,19.837751937984496
PRL_16_06_12_6,19.837751937984496
PRL_16_06_13_1,18.790087719298246
PRL_16_06_13_2,18.790087719298246
PRL_16_06_13_3,18.790087719298246
PRL_16_06_13_4,18.790087719298246
PRL_16_06_13_5,18.790087719298246
PRL_16_06_13_6,18.790087719298246
PRL_16_06_14_1,18.790087719298246
PRL_16_06_14_2,18.790087719298246
PRL_16_06_14_3,18.790087719298246
PRL_16_06_14_4,18.790087719298246
PRL_16_06_14_5,18.790087719298246
PRL_16_06_14_6,18.790087719298246
PRL_16_06_15_1,18.790087719298246
PRL_16_06_15_2,18.790087719298246
PRL_16_06_15_3,18.790087719298246
PRL_16_06_15_4,18.790087719298246
PRL_16_06_15_5,18.790087719298246
PRL_16_06_15_6,18.790087719298246
PRL_16_06_16_1,18.790087719298246
PRL_16_06_16_2,18.790087719298246
PRL_16_06_16_3,18.790087719298246
PRL_16_06_16_4,18.790087719298246
PRL_16_06_16_5,18.790087719298246
PRL_16_06_16_6,18.790087719298246
PRL_16_06_17_1,18.790087719298246
PRL_16_06_17_2,18.790087719298246
PRL_16_06_17_3,18.790087719298246
PRL_16_06_17_4,18.790087719298246
PRL_16_06_17_5,18.790087719298246
PRL_16_06_17_6,18.790087719298246
PRL_16_06_18_1,18.790087719298246
PRL_16_06_18_2,18.790087719298246
PRL_16_06_18_3,18.790087719298246
PRL_16_06_18_4,18.790087719298246
PRL_16_06_18_5,18.790087719298246
PRL_16_06_18_6,18.790087719298246
PRL_16_06_19_1,18.790087719298246
PRL_16_06_19_2,18.790087719298246
PRL_16_06_19_3,18.790087719298246
PRL_16_06_19_4,18.790087719298246
PRL_16_06_19_5,18.790087719298246
PRL_16_06_19_6,18.790087719298246
PRL_16_06_20_1,17.608958333333334
PRL_16_06_20_2,17.608958333333334
PRL_16_06_20_3,17.608958333333334
PRL_16_06_20_4,17.608958333333334
PRL_16_06_20_5,17.608958333333334
PRL_16_06_20_6,17.608958333333334
PRL_16_06_21_1,17.608958333333334
PRL_16_06_21_2,17.608958333333334
PRL_16_06_21_3,17.608958333333334
PRL_16_06_21_4,17.608958333333334
PRL_16_06_21_5,17.608958333333334
PRL_16_06_21_6,17.608958333333334
PRL_16_06_22_1,17.608958333333334
PRL_16_06_22_2,17.608958333333334
PRL_16_06_22_3,17.608958333333334
PRL_16_06_22_4,17.608958333333334
PRL_16_06_22_5,17.608958333333334
PRL_16_06_22_6,17.608958333333334
PRL_16_06_23_1,17.608958333333334
PRL_16_06_23_2,17.608958333333334
PRL_16_06_23_3,17.608958333333334
PRL_16_06_23_4,17.608958333333334
PRL_16_06_23_5,17.608958333333334
PRL_16_06_23_6,17.608958333333334
PRL_16_06_24_1,17.608958333333334
PRL_16_06_24_2,17.608958333333334
PRL_16_06_24_3,17.608958333333334
PRL_16_06_24_4,17.608958333333334
PRL_16_06_24_5,17.608958333333334
PRL_16_06_24_6,17.608958333333334
PRL_16_06_25_1,17.608958333333334
PRL_16_06_25_2,17.608958333333334
PRL_16_06_25_3,17.608958333333334
PRL_16_06_25_4,17.608958333333334
PRL_16_06_25_5,17.608958333333334
PRL_16_06_25_6,17.608958333333334
PRL_16_06_26_1,17.608958333333334
PRL_16_06_26_2,17.608958333333334
PRL_16_06_26_3,17.608958333333334
PRL_16_06_26_4,17.608958333333334
PRL_16_06_26_5,17.608958333333334
PRL_16_06_26_6,17.608958333333334
PRL_16_06_27_1,16.454435483870967
PRL_16_06_27_2,16.454435483870967
PRL_16_06_27_3,16.454435483870967
PRL_16_06_27_4,16.454435483870967
PRL_16_06_27_5,16.454435483870967
PRL_16_06_27_6,16.454435483870967
PRL_16_06_28_1,16.454435483870967
PRL_16_06_28_2,16.454435483870967
PRL_16_06_28_3,16.454435483870967
PRL_16_06_28_4,16.454435483870967
PRL_16_06_28_5,16.454435483870967
PRL_16_06_28_6,16.454435483870967
PRL_16_06_29_1,16.454435483870967
PRL_16_06_29_2,16.454435483870967
PRL_16_06_29_3,16.454435483870967
PRL_16_06_29_4,16.454435483870967
PRL_16_06_29_5,16.454435483870967
PRL_16_06_29_6,16.454435483870967
PRL_16_06_30_1,16.454435483870967
PRL_16_06_30_2,16.454435483870967
PRL_16_06_30_3,16.454435483870967
PRL_16_06_30_4,16.454435483870967
PRL_16_06_30_5,16.454435483870967
PRL_16_06_30_6,16.454435483870967
PRL_16_07_01_1,16.454435483870967
PRL_16_07_01_2,16.454435483870967
PRL_16_07_01_3,16.454435483870967
PRL_16_07_01_4,16.454435483870967
PRL_16_07_01_5,16.454435483870967
PRL_16_07_01_6,16.454435483870967
PRL_16_07_02_1,16.454435483870967
PRL_16_07_02_2,16.454435483870967
PRL_16_07_02_3,16.454435483870967
PRL_16_07_02_4,16.454435483870967
PRL_16_07_02_5,16.454435483870967
PRL_16_07_02_6,16.454435483870967
PRL_16_07_03_1,16.454435483870967
PRL_16_07_03_2,16.454435483870967
PRL_16_07_03_3,16.454435483870967
PRL_16_07_03_4,16.454435483870967
PRL_16_07_03_5,16.454435483870967
PRL_16_07_03_6,16.454435483870967
PRL_16_07_04_1,15.024174757281553
PRL_16_07_04_2,15.024174757281553
PRL_16_07_04_3,15.024174757281553
PRL_16_07_04_4,15.024174757281553
PRL_16_07_04_5,15.024174757281553
PRL_16_07_04_6,15.024174757281553
PRL_16_07_05_1,15.024174757281553
PRL_16_07_05_2,15.024174757281553
PRL_16_07_05_3,15.024174757281553
PRL_16_07_05_4,15.024174757281553
PRL_16_07_05_5,15.024174757281553
PRL_16_07_05_6,15.024174757281553
PRL_16_07_06_1,15.024174757281553
PRL_16_07_06_2,15.024174757281553
PRL_16_07_06_3,15.024174757281553
PRL_16_07_06_4,15.024174757281553
PRL_16_07_06_5,15.024174757281553
PRL_16_07_06_6,15.024174757281553
PRL_16_07_07_1,15.024174757281553
PRL_16_07_07_2,15.024174757281553
PRL_16_07_07_3,15.024174757281553
PRL_16_07_07_4,15.024174757281553
PRL_16_07_07_5,15.024174757281553
PRL_16_07_07_6,15.024174757281553
PRL_16_07_08_1,15.024174757281553
PRL_16_07_08_2,15.024174757281553
PRL_16_07_08_3,15.024174757281553
PRL_16_07_08_4,15.024174757281553
PRL_16_07_08_5,15.024174757281553
PRL_16_07_08_6,15.024174757281553
PRL_16_07_09_1,15.024174757281553
PRL_16_07_09_2,15.024174757281553
PRL_16_07_09_3,15.024174757281553
PRL_16_07_09_4,15.024174757281553
PRL_16_07_09_5,15.024174757281553
PRL_16_07_09_6,15.024174757281553
PRL_16_07_10_1,15.024174757281553
PRL_16_07_10_2,15.024174757281553
PRL_16_07_10_3,15.024174757281553
PRL_16_07_10_4,15.024174757281553
PRL_16_07_10_5,15.024174757281553
PRL_16_07_10_6,15.024174757281553
PRL_16_07_11_1,13.745714285714286
PRL_16_07_11_2,13.745714285714286
PRL_16_07_11_3,13.745714285714286
PRL_16_07_11_4,13.745714285714286
PRL_16_07_11_5,13.745714285714286
PRL_16_07_11_6,13.745714285714286
PRL_16_07_12_1,13.745714285714286
PRL_16_07_12_2,13.745714285714286
PRL_16_07_12_3,13.745714285714286
PRL_16_07_12_4,13.745714285714286
PRL_16_07_12_5,13.745714285714286
PRL_16_07_12_6,13.745714285714286
PRL_16_07_13_1,13.745714285714286
PRL_16_07_13_2,13.745714285714286
PRL_16_07_13_3,13.745714285714286
PRL_16_07_13_4,13.745714285714286
PRL_16_07_13_5,13.745714285714286
PRL_16_07_13_6,13.745714285714286
PRL_16_07_14_1,13.745714285714286
PRL_16_07_14_2,13.745714285714286
PRL_16_07_14_3,13.745714285714286
PRL_16_07_14_4,13.745714285714286
PRL_16_07_14_5,13.745714285714286
PRL_16_07_14_6,13.745714285714286
PRL_16_07_15_1,13.745714285714286
PRL_16_07_15_2,13.745714285714286
PRL_16_07_15_3,13.745714285714286
PRL_16_07_15_4,13.745714285714286
PRL_16_07_15_5,13.745714285714286
PRL_16_07_15_6,13.745714285714286
PRL_16_07_16_1,13.745714285714286
PRL_16_07_16_2,13.745714285714286
PRL_16_07_16_3,13.745714285714286
PRL_16_07_16_4,13.745714285714286
PRL_16_07_16_5,13.745714285714286
PRL_16_07_16_6,13.745714285714286
PRL_16_07_17_1,13.745714285714286
PRL_16_07_17_2,13.745714285714286
PRL_16_07_17_3,13.745714285714286
PRL_16_07_17_4,13.745714285714286
PRL_16_07_17_5,13.745714285714286
PRL_16_07_17_6,13.745714285714286
PRL_16_07_18_1,12.666551724137932
PRL_16_07_18_2,12.666551724137932
PRL_16_07_18_3,12.666551724137932
PRL_16_07_18_4,12.666551724137932
PRL_16_07_18_5,12.666551724137932
PRL_16_07_18_6,12.666551724137932
PRL_16_07_19_1,12.666551724137932
PRL_16_07_19_2,12.666551724137932
PRL_16_07_19_3,12.666551724137932
PRL_16_07_19_4,12.666551724137932
PRL_16_07_19_5,12.666551724137932
PRL_16_07_19_6,12.666551724137932
PRL_16_07_20_1,12.666551724137932
PRL_16_07_20_2,12.666551724137932
PRL_16_07_20_3,12.666551724137932
PRL_16_07_20_4,12.666551724137932
PRL_16_07_20_5,12.666551724137932
PRL_16_07_20_6,12.666551724137932
PRL_16_07_21_1,12.666551724137932
PRL_16_07_21_2,12.666551724137932
PRL_16_07_21_3,12.666551724137932
PRL_16_07_21_4,12.666551724137932
PRL_16_07_21_5,12.666551724137932
PRL_16_07_21_6,12.666551724137932
PRL_16_07_22_1,12.666551724137932
PRL_16_07_22_2,12.666551724137932
PRL_16_07_22_3,12.666551724137932
PRL_16_07_22_4,12.666551724137932
PRL_16_07_22_5,12.666551724137932
PRL_16_07_22_6,12.666551724137932
PRL_16_07_23_1,12.666551724137932
PRL_16_07_23_2,12.666551724137932
PRL_16_07_23_3,12.666551724137932
PRL_16_07_23_4,12.666551724137932
PRL_16_07_23_5,12.666551724137932
PRL_16_07_23_6,12.666551724137932
PRL_16_07_24_1,12.666551724137932
PRL_16_07_24_2,12.666551724137932
PRL_16_07_24_3,12.666551724137932
PRL_16_07_24_4,12.666551724137932
PRL_16_07_24_5,12.666551724137932
PRL_16_07_24_6,12.666551724137932
PRL_16_07_25_1,11.55007042253521
PRL_16_07_25_2,11.55007042253521
PRL_16_07_25_3,11.55007042253521
PRL_16_07_25_4,11.55007042253521
PRL_16_07_25_5,11.55007042253521
PRL_16_07_25_6,11.55007042253521
PRL_16_07_26_1,11.55007042253521
PRL_16_07_26_2,11.55007042253521
PRL_16_07_26_3,11.55007042253521
PRL_16_07_26_4,11.55007042253521
PRL_16_07_26_5,11.55007042253521
PRL_16_07_26_6,11.55007042253521
PRL_16_07_27_1,11.55007042253521
PRL_16_07_27_2,11.55007042253521
PRL_16_07_27_3,11.55007042253521
PRL_16_07_27_4,11.55007042253521
PRL_16_07_27_5,11.55007042253521
PRL_16_07_27_6,11.55007042253521
PRL_16_07_28_1,11.55007042253521
PRL_16_07_28_2,11.55007042253521
PRL_16_07_28_3,11.55007042253521
PRL_16_07_28_4,11.55007042253521
PRL_16_07_28_5,11.55007042253521
PRL_16_07_28_6,11.55007042253521
PRL_16_07_29_1,11.55007042253521
PRL_16_07_29_2,11.55007042253521
PRL_16_07_29_3,11.55007042253521
PRL_16_07_29_4,11.55007042253521
PRL_16_07_29_5,11.55007042253521
PRL_16_07_29_6,11.55007042253521
PRL_16_07_30_1,11.55007042253521
PRL_16_07_30_2,11.55007042253521
PRL_16_07_30_3,11.55007042253521
PRL_16_07_30_4,11.55007042253521
PRL_16_07_30_5,11.55007042253521
PRL_16_07_30_6,11.55007042253521
PRL_16_07_31_1,11.55007042253521
PRL_16_07_31_2,11.55007042253521
PRL_16_07_31_3,11.55007042253521
PRL_16_07_31_4,11.55007042253521
PRL_16_07_31_5,11.55007042253521
PRL_16_07_31_6,11.55007042253521
PRL_16_08_01_1,10.631513157894737
PRL_16_08_01_2,10.631513157894737
PRL_16_08_01_3,10.631513157894737
PRL_16_08_01_4,10.631513157894737
PRL_16_08_01_5,10.631513157894737
PRL_16_08_01_6,10.631513157894737
PRL_16_08_02_1,10.631513157894737
PRL_16_08_02_2,10.631513157894737
PRL_16_08_02_3,10.631513157894737
PRL_16_08_02_4,10.631513157894737
PRL_16_08_02_5,10.631513157894737
PRL_16_08_02_6,10.631513157894737
PRL_16_08_03_1,10.631513157894737
PRL_16_08_03_2,10.631513157894737
PRL_16_08_03_3,10.631513157894737
PRL_16_08_03_4,10.631513157894737
PRL_16_08_03_5,10.631513157894737
PRL_16_08_03_6,10.631513157894737
PRL_16_08_04_1,10.631513157894737
PRL_16_08_04_2,10.631513157894737
PRL_16_08_04_3,10.631513157894737
PRL_16_08_04_4,10.631513157894737
PRL_16_08_04_5,10.631513157894737
PRL_16_08_04_6,10.631513157894737
PRL_16_08_05_1,10.631513157894737
PRL_16_08_05_2,10.631513157894737
PRL_16_08_05_3,10.631513157894737
PRL_16_08_05_4,10.631513157894737
PRL_16_08_05_5,10.631513157894737
PRL_16_08_05_6,10.631513157894737
PRL_16_08_06_1,10.631513157894737
PRL_16_08_06_2,10.631513157894737
PRL_16_08_06_3,10.631513157894737
PRL_16_08_06_4,10.631513157894737
PRL_16_08_06_5,10.631513157894737
PRL_16_08_06_6,10.631513157894737
PRL_16_08_07_1,10.631513157894737
PRL_16_08_07_2,10.631513157894737
PRL_16_08_07_3,10.631513157894737
PRL_16_08_07_4,10.631513157894737
PRL_16_08_07_5,10.631513157894737
PRL_16_08_07_6,10.631513157894737
PRL_16_08_08_1,10.298509316770186
PRL_16_08_08_2,10.298509316770186
PRL_16_08_08_3,10.298509316770186
PRL_16_08_08_4,10.298509316770186
PRL_16_08_08_5,10.298509316770186
PRL_16_08_08_6,10.298509316770186
PRL_16_08_09_1,10.298509316770186
PRL_16_08_09_2,10.298509316770186
PRL_16_08_09_3,10.298509316770186
PRL_16_08_09_4,10.298509316770186
PRL_16_08_09_5,10.298509316770186
PRL_16_08_09_6,10.298509316770186
PRL_16_08_10_1,10.298509316770186
PRL_16_08_10_2,10.298509316770186
PRL_16_08_10_3,10.298509316770186
PRL_16_08_10_4,10.298509316770186
PRL_16_08_10_5,10.298509316770186
PRL_16_08_10_6,10.298509316770186
PRL_16_08_11_1,10.298509316770186
PRL_16_08_11_2,10.298509316770186
PRL_16_08_11_3,10.298509316770186
PRL_16_08_11_4,10.298509316770186
PRL_16_08_11_5,10.298509316770186
PRL_16_08_11_6,10.298509316770186
PRL_16_08_12_1,10.298509316770186
PRL_16_08_12_2,10.298509316770186
PRL_16_08_12_3,10.298509316770186
PRL_16_08_12_4,10.298509316770186
PRL_16_08_12_5,10.298509316770186
PRL_16_08_12_6,10.298509316770186
PRL_16_08_13_1,10.298509316770186
PRL_16_08_13_2,10.298509316770186
PRL_16_08_13_3,10.298509316770186
PRL_16_08_13_4,10.298509316770186
PRL_16_08_13_5,10.298509316770186
PRL_16_08_13_6,10.298509316770186
PRL_16_08_14_1,10.298509316770186
PRL_16_08_14_2,10.298509316770186
PRL_16_08_14_3,10.298509316770186
PRL_16_08_14_4,10.298509316770186
PRL_16_08_14_5,10.298509316770186
PRL_16_08_14_6,10.298509316770186
PRL_16_08_15_1,11.081046511627907
PRL_16_08_15_2,11.081046511627907
PRL_16_08_15_3,11.081046511627907
PRL_16_08_15_4,11.081046511627907
PRL_16_08_15_5,11.081046511627907
PRL_16_08_15_6,11.081046511627907
PRL_16_08_16_1,11.081046511627907
PRL_16_08_16_2,11.081046511627907
PRL_16_08_16_3,11.081046511627907
PRL_16_08_16_4,11.081046511627907
PRL_16_08_16_5,11.081046511627907
PRL_16_08_16_6,11.081046511627907
PRL_16_08_17_1,11.081046511627907
PRL_16_08_17_2,11.081046511627907
PRL_16_08_17_3,11.081046511627907
PRL_16_08_17_4,11.081046511627907
PRL_16_08_17_5,11.081046511627907
PRL_16_08_17_6,11.081046511627907
PRL_16_08_18_1,11.081046511627907
PRL_16_08_18_2,11.081046511627907
PRL_16_08_18_3,11.081046511627907
PRL_16_08_18_4,11.081046511627907
PRL_16_08_18_5,11.081046511627907
PRL_16_08_18_6,11.081046511627907
PRL_16_08_19_1,11.081046511627907
PRL_16_08_19_2,11.081046511627907
PRL_16_08_19_3,11.081046511627907
PRL_16_08_19_4,11.081046511627907
PRL_16_08_19_5,11.081046511627907
PRL_16_08_19_6,11.081046511627907
PRL_16_08_20_1,11.081046511627907
PRL_16_08_20_2,11.081046511627907
PRL_16_08_20_3,11.081046511627907
PRL_16_08_20_4,11.081046511627907
PRL_16_08_20_5,11.081046511627907
PRL_16_08_20_6,11.081046511627907
PRL_16_08_21_1,11.081046511627907
PRL_16_08_21_2,11.081046511627907
PRL_16_08_21_3,11.081046511627907
PRL_16_08_21_4,11.081046511627907
PRL_16_08_21_5,11.081046511627907
PRL_16_08_21_6,11.081046511627907
PRL_16_08_22_1,11.864935897435897
PRL_16_08_22_2,11.864935897435897
PRL_16_08_22_3,11.864935897435897
PRL_16_08_22_4,11.864935897435897
PRL_16_08_22_5,11.864935897435897
PRL_16_08_22_6,11.864935897435897
PRL_16_08_23_1,11.864935897435897
PRL_16_08_23_2,11.864935897435897
PRL_16_08_23_3,11.864935897435897
PRL_16_08_23_4,11.864935897435897
PRL_16_08_23_5,11.864935897435897
PRL_16_08_23_6,11.864935897435897
PRL_16_08_24_1,11.864935897435897
PRL_16_08_24_2,11.864935897435897
PRL_16_08_24_3,11.864935897435897
PRL_16_08_24_4,11.864935897435897
PRL_16_08_24_5,11.864935897435897
PRL_16_08_24_6,11.864935897435897
PRL_16_08_25_1,11.864935897435897
PRL_16_08_25_2,11.864935897435897
PRL_16_08_25_3,11.864935897435897
PRL_16_08_25_4,11.864935897435897
PRL_16_08_25_5,11.864935897435897
PRL_16_08_25_6,11.864935897435897
PRL_16_08_26_1,11.864935897435897
PRL_16_08_26_2,11.864935897435897
PRL_16_08_26_3,11.864935897435897
PRL_16_08_26_4,11.864935897435897
PRL_16_08_26_5,11.864935897435897
PRL_16_08_26_6,11.864935897435897
PRL_16_08_27_1,11.864935897435897
PRL_16_08_27_2,11.864935897435897
PRL_16_08_27_3,11.864935897435897
PRL_16_08_27_4,11.864935897435897
PRL_16_08_27_5,11.864935897435897
PRL_16_08_27_6,11.864935897435897
PRL_16_08_28_1,11.864935897435897
PRL_16_08_28_2,11.864935897435897
PRL_16_08_28_3,11.864935897435897
PRL_16_08_28_4,11.864935897435897
PRL_16_08_28_5,11.864935897435897
PRL_16_08_28_6,11.864935897435897
PRL_16_08_29_1,12.027588235294118
PRL_16_08_29_2,12.027588235294118
PRL_16_08_29_3,12.027588235294118
PRL_16_08_29_4,12.027588235294118
PRL_16_08_29_5,12.027588235294118
PRL_16_08_29_6,12.027588235294118
PRL_16_08_30_1,12.027588235294118
PRL_16_08_30_2,12.027588235294118
PRL_16_08_30_3,12.027588235294118
PRL_16_08_30_4,12.027588235294118
PRL_16_08_30_5,12.027588235294118
PRL_16_08_30_6,12.027588235294118
PRL_16_08_31_1,12.027588235294118
PRL_16_08_31_2,12.027588235294118
PRL_16_08_31_3,12.027588235294118
PRL_16_08_31_4,12.027588235294118
PRL_16_08_31_5,12.027588235294118
PRL_16_08_31_6,12.027588235294118
PRL_16_09_01_1,12.027588235294118
PRL_16_09_01_2,12.027588235294118
PRL_16_09_01_3,12.027588235294118
PRL_16_09_01_4,12.027588235294118
PRL_16_09_01_5,12.027588235294118
PRL_16_09_01_6,12.027588235294118
PRL_16_09_02_1,12.027588235294118
PRL_16_09_02_2,12.027588235294118
PRL_16_09_02_3,12.027588235294118
PRL_16_09_02_4,12.027588235294118
PRL_16_09_02_5,12.027588235294118
PRL_16_09_02_6,12.027588235294118
PRL_16_09_03_1,12.027588235294118
PRL_16_09_03_2,12.027588235294118
PRL_16_09_03_3,12.027588235294118
PRL_16_09_03_4,12.027588235294118
PRL_16_09_03_5,12.027588235294118
PRL_16_09_03_6,12.027588235294118
PRL_16_09_04_1,12.027588235294118
PRL_16_09_04_2,12.027588235294118
PRL_16_09_04_3,12.027588235294118
PRL_16_09_04_4,12.027588235294118
PRL_16_09_04_5,12.027588235294118
PRL_16_09_04_6,12.027588235294118
PRL_16_09_05_1,11.74736842105263
PRL_16_09_05_2,11.74736842105263
PRL_16_09_05_3,11.74736842105263
PRL_16_09_05_4,11.74736842105263
PRL_16_09_05_5,11.74736842105263
PRL_16_09_05_6,11.74736842105263
PRL_16_09_06_1,11.74736842105263
PRL_16_09_06_2,11.74736842105263
PRL_16_09_06_3,11.74736842105263
PRL_16_09_06_4,11.74736842105263
PRL_16_09_06_5,11.74736842105263
PRL_16_09_06_6,11.74736842105263
PRL_16_09_07_1,11.74736842105263
PRL_16_09_07_2,11.74736842105263
PRL_16_09_07_3,11.74736842105263
PRL_16_09_07_4,11.74736842105263
PRL_16_09_07_5,11.74736842105263
PRL_16_09_07_6,11.74736842105263
PRL_16_09_08_1,11.74736842105263
PRL_16_09_08_2,11.74736842105263
PRL_16_09_08_3,11.74736842105263
PRL_16_09_08_4,11.74736842105263
PRL_16_09_08_5,11.74736842105263
PRL_16_09_08_6,11.74736842105263
PRL_16_09_09_1,11.74736842105263
PRL_16_09_09_2,11.74736842105263
PRL_16_09_09_3,11.74736842105263
PRL_16_09_09_4,11.74736842105263
PRL_16_09_09_5,11.74736842105263
PRL_16_09_09_6,11.74736842105263
PRL_16_09_10_1,11.74736842105263
PRL_16_09_10_2,11.74736842105263
PRL_16_09_10_3,11.74736842105263
PRL_16_09_10_4,11.74736842105263
PRL_16_09_10_5,11.74736842105263
PRL_16_09_10_6,11.74736842105263
PRL_16_09_11_1,11.74736842105263
PRL_16_09_11_2,11.74736842105263
PRL_16_09_11_3,11.74736842105263
PRL_16_09_11_4,11.74736842105263
PRL_16_09_11_5,11.74736842105263
PRL_16_09_11_6,11.74736842105263
PRL_16_09_12_1,11.183706293706294
PRL_16_09_12_2,11.183706293706294
PRL_16_09_12_3,11.183706293706294
PRL_16_09_12_4,11.183706293706294
PRL_16_09_12_5,11.183706293706294
PRL_16_09_12_6,11.183706293706294
PRL_16_09_13_1,11.183706293706294
PRL_16_09_13_2,11.183706293706294
PRL_16_09_13_3,11.183706293706294
PRL_16_09_13_4,11.183706293706294
PRL_16_09_13_5,11.183706293706294
PRL_16_09_13_6,11.183706293706294
PRL_16_09_14_1,11.183706293706294
PRL_16_09_14_2,11.183706293706294
PRL_16_09_14_3,11.183706293706294
PRL_16_09_14_4,11.183706293706294
PRL_16_09_14_5,11.183706293706294
PRL_16_09_14_6,11.183706293706294
PRL_16_09_15_1,11.183706293706294
PRL_16_09_15_2,11.183706293706294
PRL_16_09_15_3,11.183706293706294
PRL_16_09_15_4,11.183706293706294
PRL_16_09_15_5,11.183706293706294
PRL_16_09_15_6,11.183706293706294
PRL_16_09_16_1,11.183706293706294
PRL_16_09_16_2,11.183706293706294
PRL_16_09_16_3,11.183706293706294
PRL_16_09_16_4,11.183706293706294
PRL_16_09_16_5,11.183706293706294
PRL_16_09_16_6,11.183706293706294
PRL_16_09_17_1,11.183706293706294
PRL_16_09_17_2,11.183706293706294
PRL_16_09_17_3,11.183706293706294
PRL_16_09_17_4,11.183706293706294
PRL_16_09_17_5,11.183706293706294
PRL_16_09_17_6,11.183706293706294
PRL_16_09_18_1,11.183706293706294
PRL_16_09_18_2,11.183706293706294
PRL_16_09_18_3,11.183706293706294
PRL_16_09_18_4,11.183706293706294
PRL_16_09_18_5,11.183706293706294
PRL_16_09_18_6,11.183706293706294
PRL_16_09_19_1,10.873609467455623
PRL_16_09_19_2,10.873609467455623
PRL_16_09_19_3,10.873609467455623
PRL_16_09_19_4,10.873609467455623
PRL_16_09_19_5,10.873609467455623
PRL_16_09_19_6,10.873609467455623
PRL_16_09_20_1,10.873609467455623
PRL_16_09_20_2,10.873609467455623
PRL_16_09_20_3,10.873609467455623
PRL_16_09_20_4,10.873609467455623
PRL_16_09_20_5,10.873609467455623
PRL_16_09_20_6,10.873609467455623
PRL_16_09_21_1,10.873609467455623
PRL_16_09_21_2,10.873609467455623
PRL_16_09_21_3,10.873609467455623
PRL_16_09_21_4,10.873609467455623
PRL_16_09_21_5,10.873609467455623
PRL_16_09_21_6,10.873609467455623
PRL_16_09_22_1,10.873609467455623
PRL_16_09_22_2,10.873609467455623
PRL_16_09_22_3,10.873609467455623
PRL_16_09_22_4,10.873609467455623
PRL_16_09_22_5,10.873609467455623
PRL_16_09_22_6,10.873609467455623
PRL_16_09_23_1,10.873609467455623
PRL_16_09_23_2,10.873609467455623
PRL_16_09_23_3,10.873609467455623
PRL_16_09_23_4,10.873609467455623
PRL_16_09_23_5,10.873609467455623
PRL_16_09_23_6,10.873609467455623
PRL_16_09_24_1,10.873609467455623
PRL_16_09_24_2,10.873609467455623
PRL_16_09_24_3,10.873609467455623
PRL_16_09_24_4,10.873609467455623
PRL_16_09_24_5,10.873609467455623
PRL_16_09_24_6,10.873609467455623
PRL_16_09_25_1,10.873609467455623
PRL_16_09_25_2,10.873609467455623
PRL_16_09_25_3,10.873609467455623
PRL_16_09_25_4,10.873609467455623
PRL_16_09_25_5,10.873609467455623
PRL_16_09_25_6,10.873609467455623
PRL_16_09_26_1,11.623431952662722
PRL_16_09_26_2,11.623431952662722
PRL_16_09_26_3,11.623431952662722
PRL_16_09_26_4,11.623431952662722
PRL_16_09_26_5,11.623431952662722
PRL_16_09_26_6,11.623431952662722
PRL_16_09_27_1,11.623431952662722
PRL_16_09_27_2,11.623431952662722
PRL_16_09_27_3,11.623431952662722
PRL_16_09_27_4,11.623431952662722
PRL_16_09_27_5,11.623431952662722
PRL_16_09_27_6,11.623431952662722
PRL_16_09_28_1,11.623431952662722
PRL_16_09_28_2,11.623431952662722
PRL_16_09_28_3,11.623431952662722
PRL_16_09_28_4,11.623431952662722
PRL_16_09_28_5,11.623431952662722
PRL_16_09_28_6,11.623431952662722
PRL_16_09_29_1,11.623431952662722
PRL_16_09_29_2,11.623431952662722
PRL_16_09_29_3,11.623431952662722
PRL_16_09_29_4,11.623431952662722
PRL_16_09_29_5,11.623431952662722
PRL_16_09_29_6,11.623431952662722
PRL_16_09_30_1,11.623431952662722
PRL_16_09_30_2,11.623431952662722
PRL_16_09_30_3,11.623431952662722
PRL_16_09_30_4,11.623431952662722
PRL_16_09_30_5,11.623431952662722
PRL_16_09_30_6,11.623431952662722
PRL_16_10_01_1,11.623431952662722
PRL_16_10_01_2,11.623431952662722
PRL_16_10_01_3,11.623431952662722
PRL_16_10_01_4,11.623431952662722
PRL_16_10_01_5,11.623431952662722
PRL_16_10_01_6,11.623431952662722
PRL_16_10_02_1,11.623431952662722
PRL_16_10_02_2,11.623431952662722
PRL_16_10_02_3,11.623431952662722
PRL_16_10_02_4,11.623431952662722
PRL_16_10_02_5,11.623431952662722
PRL_16_10_02_6,11.623431952662722
PRL_16_10_03_1,12.324639175257731
PRL_16_10_03_2,12.324639175257731
PRL_16_10_03_3,12.324639175257731
PRL_16_10_03_4,12.324639175257731
PRL_16_10_03_5,12.324639175257731
PRL_16_10_03_6,12.324639175257731
PRL_16_10_04_1,12.324639175257731
PRL_16_10_04_2,12.324639175257731
PRL_16_10_04_3,12.324639175257731
PRL_16_10_04_4,12.324639175257731
PRL_16_10_04_5,12.324639175257731
PRL_16_10_04_6,12.324639175257731
PRL_16_10_05_1,12.324639175257731
PRL_16_10_05_2,12.324639175257731
PRL_16_10_05_3,12.324639175257731
PRL_16_10_05_4,12.324639175257731
PRL_16_10_05_5,12.324639175257731
PRL_16_10_05_6,12.324639175257731
PRL_16_10_06_1,12.324639175257731
PRL_16_10_06_2,12.324639175257731
PRL_16_10_06_3,12.324639175257731
PRL_16_10_06_4,12.324639175257731
PRL_16_10_06_5,12.324639175257731
PRL_16_10_06_6,12.324639175257731
PRL_16_10_07_1,12.324639175257731
PRL_16_10_07_2,12.324639175257731
PRL_16_10_07_3,12.324639175257731
PRL_16_10_07_4,12.324639175257731
PRL_16_10_07_5,12.324639175257731
PRL_16_10_07_6,12.324639175257731
PRL_16_10_08_1,12.324639175257731
PRL_16_10_08_2,12.324639175257731
PRL_16_10_08_3,12.324639175257731
PRL_16_10_08_4,12.324639175257731
PRL_16_10_08_5,12.324639175257731
PRL_16_10_08_6,12.324639175257731
PRL_16_10_09_1,12.324639175257731
PRL_16_10_09_2,12.324639175257731
PRL_16_10_09_3,12.324639175257731
PRL_16_10_09_4,12.324639175257731
PRL_16_10_09_5,12.324639175257731
PRL_16_10_09_6,12.324639175257731
PRL_16_10_10_1,13.145605095541402
PRL_16_10_10_2,13.145605095541402
PRL_16_10_10_3,13.145605095541402
PRL_16_10_10_4,13.145605095541402
PRL_16_10_10_5,13.145605095541402
PRL_16_10_10_6,13.145605095541402
PRL_16_10_11_1,13.145605095541402
PRL_16_10_11_2,13.145605095541402
PRL_16_10_11_3,13.145605095541402
PRL_16_10_11_4,13.145605095541402
PRL_16_10_11_5,13.145605095541402
PRL_16_10_11_6,13.145605095541402
PRL_16_10_12_1,13.145605095541402
PRL_16_10_12_2,13.145605095541402
PRL_16_10_12_3,13.145605095541402
PRL_16_10_12_4,13.145605095541402
PRL_16_10_12_5,13.145605095541402
PRL_16_10_12_6,13.145605095541402
PRL_16_10_13_1,13.145605095541402
PRL_16_10_13_2,13.145605095541402
PRL_16_10_13_3,13.145605095541402
PRL_16_10_13_4,13.145605095541402
PRL_16_10_13_5,13.145605095541402
PRL_16_10_13_6,13.145605095541402
PRL_16_10_14_1,13.145605095541402
PRL_16_10_14_2,13.145605095541402
PRL_16_10_14_3,13.145605095541402
PRL_16_10_14_4,13.145605095541402
PRL_16_10_14_5,13.145605095541402
PRL_16_10_14_6,13.145605095541402
PRL_16_10_15_1,13.145605095541402
PRL_16_10_15_2,13.145605095541402
PRL_16_10_15_3,13.145605095541402
PRL_16_10_15_4,13.145605095541402
PRL_16_10_15_5,13.145605095541402
PRL_16_10_15_6,13.145605095541402
PRL_16_10_16_1,13.145605095541402
PRL_16_10_16_2,13.145605095541402
PRL_16_10_16_3,13.145605095541402
PRL_16_10_16_4,13.145605095541402
PRL_16_10_16_5,13.145605095541402
PRL_16_10_16_6,13.145605095541402
PRL_16_10_17_1,13.75056603773585
PRL_16_10_17_2,13.75056603773585
PRL_16_10_17_3,13.75056603773585
PRL_16_10_17_4,13.75056603773585
PRL_16_10_17_5,13.75056603773585
PRL_16_10_17_6,13.75056603773585
PRL_16_10_18_1,13.75056603773585
PRL_16_10_18_2,13.75056603773585
PRL_16_10_18_3,13.75056603773585
PRL_16_10_18_4,13.75056603773585
PRL_16_10_18_5,13.75056603773585
PRL_16_10_18_6,13.75056603773585
PRL_16_10_19_1,13.75056603773585
PRL_16_10_19_2,13.75056603773585
PRL_16_10_19_3,13.75056603773585
PRL_16_10_19_4,13.75056603773585
PRL_16_10_19_5,13.75056603773585
PRL_16_10_19_6,13.75056603773585
PRL_16_10_20_1,13.75056603773585
PRL_16_10_20_2,13.75056603773585
PRL_16_10_20_3,13.75056603773585
PRL_16_10_20_4,13.75056603773585
PRL_16_10_20_5,13.75056603773585
PRL_16_10_20_6,13.75056603773585
PRL_16_10_21_1,13.75056603773585
PRL_16_10_21_2,13.75056603773585
PRL_16_10_21_3,13.75056603773585
PRL_16_10_21_4,13.75056603773585
PRL_16_10_21_5,13.75056603773585
PRL_16_10_21_6,13.75056603773585
PRL_16_10_22_1,13.75056603773585
PRL_16_10_22_2,13.75056603773585
PRL_16_10_22_3,13.75056603773585
PRL_16_10_22_4,13.75056603773585
PRL_16_10_22_5,13.75056603773585
PRL_16_10_22_6,13.75056603773585
PRL_16_10_23_1,13.75056603773585
PRL_16_10_23_2,13.75056603773585
PRL_16_10_23_3,13.75056603773585
PRL_16_10_23_4,13.75056603773585
PRL_16_10_23_5,13.75056603773585
PRL_16_10_23_6,13.75056603773585
PRL_16_10_24_1,13.984698795180723
PRL_16_10_24_2,13.984698795180723
PRL_16_10_24_3,13.984698795180723
PRL_16_10_24_4,13.984698795180723
PRL_16_10_24_5,13.984698795180723
PRL_16_10_24_6,13.984698795180723
PRL_16_10_25_1,13.984698795180723
PRL_16_10_25_2,13.984698795180723
PRL_16_10_25_3,13.984698795180723
PRL_16_10_25_4,13.984698795180723
PRL_16_10_25_5,13.984698795180723
PRL_16_10_25_6,13.984698795180723
PRL_16_10_26_1,13.984698795180723
PRL_16_10_26_2,13.984698795180723
PRL_16_10_26_3,13.984698795180723
PRL_16_10_26_4,13.984698795180723
PRL_16_10_26_5,13.984698795180723
PRL_16_10_26_6,13.984698795180723
PRL_16_10_27_1,13.984698795180723
PRL_16_10_27_2,13.984698795180723
PRL_16_10_27_3,13.984698795180723
PRL_16_10_27_4,13.984698795180723
PRL_16_10_27_5,13.984698795180723
PRL_16_10_27_6,13.984698795180723
PRL_16_10_28_1,13.984698795180723
PRL_16_10_28_2,13.984698795180723
PRL_16_10_28_3,13.984698795180723
PRL_16_10_28_4,13.984698795180723
PRL_16_10_28_5,13.984698795180723
PRL_16_10_28_6,13.984698795180723
PRL_16_10_29_1,13.984698795180723
PRL_16_10_29_2,13.984698795180723
PRL_16_10_29_3,13.984698795180723
PRL_16_10_29_4,13.984698795180723
PRL_16_10_29_5,13.984698795180723
PRL_16_10_29_6,13.984698795180723
PRL_16_10_30_1,13.984698795180723
PRL_16_10_30_2,13.984698795180723
PRL_16_10_30_3,13.984698795180723
PRL_16_10_30_4,13.984698795180723
PRL_16_10_30_5,13.984698795180723
PRL_16_10_30_6,13.984698795180723
PRL_16_10_31_1,14.272617449664429
PRL_16_10_31_2,14.272617449664429
PRL_16_10_31_3,14.272617449664429
PRL_16_10_31_4,14.272617449664429
PRL_16_10_31_5,14.272617449664429
PRL_16_10_31_6,14.272617449664429
PRL_16_11_01_1,14.272617449664429
PRL_16_11_01_2,14.272617449664429
PRL_16_11_01_3,14.272617449664429
PRL_16_11_01_4,14.272617449664429
PRL_16_11_01_5,14.272617449664429
PRL_16_11_01_6,14.272617449664429
PRL_16_11_02_1,14.272617449664429
PRL_16_11_02_2,14.272617449664429
PRL_16_11_02_3,14.272617449664429
PRL_16_11_02_4,14.272617449664429
PRL_16_11_02_5,14.272617449664429
PRL_16_11_02_6,14.272617449664429
PRL_16_11_03_1,14.272617449664429
PRL_16_11_03_2,14.272617449664429
PRL_16_11_03_3,14.272617449664429
PRL_16_11_03_4,14.272617449664429
PRL_16_11_03_5,14.272617449664429
PRL_16_11_03_6,14.272617449664429
PRL_16_11_04_1,14.272617449664429
PRL_16_11_04_2,14.272617449664429
PRL_16_11_04_3,14.272617449664429
PRL_16_11_04_4,14.272617449664429
PRL_16_11_04_5,14.272617449664429
PRL_16_11_04_6,14.272617449664429
PRL_16_11_05_1,14.272617449664429
PRL_16_11_05_2,14.272617449664429
PRL_16_11_05_3,14.272617449664429
PRL_16_11_05_4,14.272617449664429
PRL_16_11_05_5,14.272617449664429
PRL_16_11_05_6,14.272617449664429
PRL_16_11_06_1,14.272617449664429
PRL_16_11_06_2,14.272617449664429
PRL_16_11_06_3,14.272617449664429
PRL_16_11_06_4,14.272617449664429
PRL_16_11_06_5,14.272617449664429
PRL_16_11_06_6,14.272617449664429
PRL_16_11_07_1,13.855190839694655
PRL_16_11_07_2,13.855190839694655
PRL_16_11_07_3,13.855190839694655
PRL_16_11_07_4,13.855190839694655
PRL_16_11_07_5,13.855190839694655
PRL_16_11_07_6,13.855190839694655
PRL_16_11_08_1,13.855190839694655
PRL_16_11_08_2,13.855190839694655
PRL_16_11_08_3,13.855190839694655
PRL_16_11_08_4,13.855190839694655
PRL_16_11_08_5,13.855190839694655
PRL_16_11_08_6,13.855190839694655
PRL_16_11_09_1,13.855190839694655
PRL_16_11_09_2,13.855190839694655
PRL_16_11_09_3,13.855190839694655
PRL_16_11_09_4,13.855190839694655
PRL_16_11_09_5,13.855190839694655
PRL_16_11_09_6,13.855190839694655
PRL_16_11_10_1,13.855190839694655
PRL_16_11_10_2,13.855190839694655
PRL_16_11_10_3,13.855190839694655
PRL_16_11_10_4,13.855190839694655
PRL_16_11_10_5,13.855190839694655
PRL_16_11_10_6,13.855190839694655
PRL_16_11_11_1,13.855190839694655
PRL_16_11_11_2,13.855190839694655
PRL_16_11_11_3,13.855190839694655
PRL_16_11_11_4,13.855190839694655
PRL_16_11_11_5,13.855190839694655
PRL_16_11_11_6,13.855190839694655
PRL_16_11_12_1,13.855190839694655
PRL_16_11_12_2,13.855190839694655
PRL_16_11_12_3,13.855190839694655
PRL_16_11_12_4,13.855190839694655
PRL_16_11_12_5,13.855190839694655
PRL_16_11_12_6,13.855190839694655
PRL_16_11_13_1,13.855190839694655
PRL_16_11_13_2,13.855190839694655
PRL_16_11_13_3,13.855190839694655
PRL_16_11_13_4,13.855190839694655
PRL_16_11_13_5,13.855190839694655
PRL_16_11_13_6,13.855190839694655
PRL_16_11_14_1,13.602805755395684
PRL_16_11_14_2,13.602805755395684
PRL_16_11_14_3,13.602805755395684
PRL_16_11_14_4,13.602805755395684
PRL_16_11_14_5,13.602805755395684
PRL_16_11_14_6,13.602805755395684
PRL_16_11_15_1,13.602805755395684
PRL_16_11_15_2,13.602805755395684
PRL_16_11_15_3,13.602805755395684
PRL_16_11_15_4,13.602805755395684
PRL_16_11_15_5,13.602805755395684
PRL_16_11_15_6,13.602805755395684
PRL_16_11_16_1,13.602805755395684
PRL_16_11_16_2,13.602805755395684
PRL_16_11_16_3,13.602805755395684
PRL_16_11_16_4,13.602805755395684
PRL_16_11_16_5,13.602805755395684
PRL_16_11_16_6,13.602805755395684
PRL_16_11_17_1,13.602805755395684
PRL_16_11_17_2,13.602805755395684
PRL_16_11_17_3,13.602805755395684
PRL_16_11_17_4,13.602805755395684
PRL_16_11_17_5,13.602805755395684
PRL_16_11_17_6,13.602805755395684
PRL_16_11_18_1,13.602805755395684
PRL_16_11_18_2,13.602805755395684
PRL_16_11_18_3,13.602805755395684
PRL_16_11_18_4,13.602805755395684
PRL_16_11_18_5,13.602805755395684
PRL_16_11_18_6,13.602805755395684
PRL_16_11_19_1,13.602805755395684
PRL_16_11_19_2,13.602805755395684
PRL_16_11_19_3,13.602805755395684
PRL_16_11_19_4,13.602805755395684
PRL_16_11_19_5,13.602805755395684
PRL_16_11_19_6,13.602805755395684
PRL_16_11_20_1,13.602805755395684
PRL_16_11_20_2,13.602805755395684
PRL_16_11_20_3,13.602805755395684
PRL_16_11_20_4,13.602805755395684
PRL_16_11_20_5,13.602805755395684
PRL_16_11_20_6,13.602805755395684
PRL_16_11_21_1,13.473132530120482
PRL_16_11_21_2,13.473132530120482
PRL_16_11_21_3,13.473132530120482
PRL_16_11_21_4,13.473132530120482
PRL_16_11_21_5,13.473132530120482
PRL_16_11_21_6,13.473132530120482
PRL_16_11_22_1,13.473132530120482
PRL_16_11_22_2,13.473132530120482
PRL_16_11_22_3,13.473132530120482
PRL_16_11_22_4,13.473132530120482
PRL_16_11_22_5,13.473132530120482
PRL_16_11_22_6,13.473132530120482
PRL_16_11_23_1,13.473132530120482
PRL_16_11_23_2,13.473132530120482
PRL_16_11_23_3,13.473132530120482
PRL_16_11_23_4,13.473132530120482
PRL_16_11_23_5,13.473132530120482
PRL_16_11_23_6,13.473132530120482
PRL_16_11_24_1,13.473132530120482
PRL_16_11_24_2,13.473132530120482
PRL_16_11_24_3,13.473132530120482
PRL_16_11_24_4,13.473132530120482
PRL_16_11_24_5,13.473132530120482
PRL_16_11_24_6,13.473132530120482
PRL_16_11_25_1,13.473132530120482
PRL_16_11_25_2,13.473132530120482
PRL_16_11_25_3,13.473132530120482
PRL_16_11_25_4,13.473132530120482
PRL_16_11_25_5,13.473132530120482
PRL_16_11_25_6,13.473132530120482
PRL_16_11_26_1,13.473132530120482
PRL_16_11_26_2,13.473132530120482
PRL_16_11_26_3,13.473132530120482
PRL_16_11_26_4,13.473132530120482
PRL_16_11_26_5,13.473132530120482
PRL_16_11_26_6,13.473132530120482
PRL_16_11_27_1,13.473132530120482
PRL_16_11_27_2,13.473132530120482
PRL_16_11_27_3,13.473132530120482
PRL_16_11_27_4,13.473132530120482
PRL_16_11_27_5,13.473132530120482
PRL_16_11_27_6,13.473132530120482
PRL_16_11_28_1,13.845266666666667
PRL_16_11_28_2,13.845266666666667
PRL_16_11_28_3,13.845266666666667
PRL_16_11_28_4,13.845266666666667
PRL_16_11_28_5,13.845266666666667
PRL_16_11_28_6,13.845266666666667
PRL_16_11_29_1,13.845266666666667
PRL_16_11_29_2,13.845266666666667
PRL_16_11_29_3,13.845266666666667
PRL_16_11_29_4,13.845266666666667
PRL_16_11_29_5,13.845266666666667
PRL_16_11_29_6,13.845266666666667
PRL_16_11_30_1,13.845266666666667
PRL_16_11_30_2,13.845266666666667
PRL_16_11_30_3,13.845266666666667
PRL_16_11_30_4,13.845266666666667
PRL_16_11_30_5,13.845266666666667
PRL_16_11_30_6,13.845266666666667
PRL_16_12_01_1,13.845266666666667
PRL_16_12_01_2,13.845266666666667
PRL_16_12_01_3,13.845266666666667
PRL_16_12_01_4,13.845266666666667
PRL_16_12_01_5,13.845266666666667
PRL_16_12_01_6,13.845266666666667
PRL_16_12_02_1,13.845266666666667
PRL_16_12_02_2,13.845266666666667
PRL_16_12_02_3,13.845266666666667
PRL_16_12_02_4,13.845266666666667
PRL_16_12_02_5,13.845266666666667
PRL_16_12_02_6,13.845266666666667
PRL_16_12_03_1,13.845266666666667
PRL_16_12_03_2,13.845266666666667
PRL_16_12_03_3,13.845266666666667
PRL_16_12_03_4,13.845266666666667
PRL_16_12_03_5,13.845266666666667
PRL_16_12_03_6,13.845266666666667
PRL_16_12_04_1,13.845266666666667
PRL_16_12_04_2,13.845266666666667
PRL_16_12_04_3,13.845266666666667
PRL_16_12_04_4,13.845266666666667
PRL_16_12_04_5,13.845266666666667
PRL_16_12_04_6,13.845266666666667
PRL_16_12_05_1,14.065373134328357
PRL_16_12_05_2,14.065373134328357
PRL_16_12_05_3,14.065373134328357
PRL_16_12_05_4,14.065373134328357
PRL_16_12_05_5,14.065373134328357
PRL_16_12_05_6,14.065373134328357
PRL_16_12_06_1,14.065373134328357
PRL_16_12_06_2,14.065373134328357
PRL_16_12_06_3,14.065373134328357
PRL_16_12_06_4,14.065373134328357
PRL_16_12_06_5,14.065373134328357
PRL_16_12_06_6,14.065373134328357
PRL_16_12_07_1,14.065373134328357
PRL_16_12_07_2,14.065373134328357
PRL_16_12_07_3,14.065373134328357
PRL_16_12_07_4,14.065373134328357
PRL_16_12_07_5,14.065373134328357
PRL_16_12_07_6,14.065373134328357
PRL_16_12_08_1,14.065373134328357
PRL_16_12_08_2,14.065373134328357
PRL_16_12_08_3,14.065373134328357
PRL_16_12_08_4,14.065373134328357
PRL_16_12_08_5,14.065373134328357
PRL_16_12_08_6,14.065373134328357
PRL_16_12_09_1,14.065373134328357
PRL_16_12_09_2,14.065373134328357
PRL_16_12_09_3,14.065373134328357
PRL_16_12_09_4,14.065373134328357
PRL_16_12_09_5,14.065373134328357
PRL_16_12_09_6,14.065373134328357
PRL_16_12_10_1,14.065373134328357
PRL_16_12_10_2,14.065373134328357
PRL_16_12_10_3,14.065373134328357
PRL_16_12_10_4,14.065373134328357
PRL_16_12_10_5,14.065373134328357
PRL_16_12_10_6,14.065373134328357
PRL_16_12_11_1,14.065373134328357
PRL_16_12_11_2,14.065373134328357
PRL_16_12_11_3,14.065373134328357
PRL_16_12_11_4,14.065373134328357
PRL_16_12_11_5,14.065373134328357
PRL_16_12_11_6,14.065373134328357
PRL_16_12_12_1,13.812544378698226
PRL_16_12_12_2,13.812544378698226
PRL_16_12_12_3,13.812544378698226
PRL_16_12_12_4,13.812544378698226
PRL_16_12_12_5,13.812544378698226
PRL_16_12_12_6,13.812544378698226
PRL_16_12_13_1,13.812544378698226
PRL_16_12_13_2,13.812544378698226
PRL_16_12_13_3,13.812544378698226
PRL_16_12_13_4,13.812544378698226
PRL_16_12_13_5,13.812544378698226
PRL_16_12_13_6,13.812544378698226
PRL_16_12_14_1,13.812544378698226
PRL_16_12_14_2,13.812544378698226
PRL_16_12_14_3,13.812544378698226
PRL_16_12_14_4,13.812544378698226
PRL_16_12_14_5,13.812544378698226
PRL_16_12_14_6,13.812544378698226
PRL_16_12_15_1,13.812544378698226
PRL_16_12_15_2,13.812544378698226
PRL_16_12_15_3,13.812544378698226
PRL_16_12_15_4,13.812544378698226
PRL_16_12_15_5,13.812544378698226
PRL_16_12_15_6,13.812544378698226
PRL_16_12_16_1,13.812544378698226
PRL_16_12_16_2,13.812544378698226
PRL_16_12_16_3,13.812544378698226
PRL_16_12_16_4,13.812544378698226
PRL_16_12_16_5,13.812544378698226
PRL_16_12_16_6,13.812544378698226
PRL_16_12_17_1,13.812544378698226
PRL_16_12_17_2,13.812544378698226
PRL_16_12_17_3,13.812544378698226
PRL_16_12_17_4,13.812544378698226
PRL_16_12_17_5,13.812544378698226
PRL_16_12_17_6,13.812544378698226
PRL_16_12_18_1,13.812544378698226
PRL_16_12_18_2,13.812544378698226
PRL_16_12_18_3,13.812544378698226
PRL_16_12_18_4,13.812544378698226
PRL_16_12_18_5,13.812544378698226
PRL_16_12_18_6,13.812544378698226
PRL_16_12_19_1,15.766221198156682
PRL_16_12_19_2,15.766221198156682
PRL_16_12_19_3,15.766221198156682
PRL_16_12_19_4,15.766221198156682
PRL_16_12_19_5,15.766221198156682
PRL_16_12_19_6,15.766221198156682
PRL_16_12_20_1,15.766221198156682
PRL_16_12_20_2,15.766221198156682
PRL_16_12_20_3,15.766221198156682
PRL_16_12_20_4,15.766221198156682
PRL_16_12_20_5,15.766221198156682
PRL_16_12_20_6,15.766221198156682
PRL_16_12_21_1,15.766221198156682
PRL_16_12_21_2,15.766221198156682
PRL_16_12_21_3,15.766221198156682
PRL_16_12_21_4,15.766221198156682
PRL_16_12_21_5,15.766221198156682
PRL_16_12_21_6,15.766221198156682
PRL_16_12_22_1,15.766221198156682
PRL_16_12_22_2,15.766221198156682
PRL_16_12_22_3,15.766221198156682
PRL_16_12_22_4,15.766221198156682
PRL_16_12_22_5,15.766221198156682
PRL_16_12_22_6,15.766221198156682
PRL_16_12_23_1,15.766221198156682
PRL_16_12_23_2,15.766221198156682
PRL_16_12_23_3,15.766221198156682
PRL_16_12_23_4,15.766221198156682
PRL_16_12_23_5,15.766221198156682
PRL_16_12_23_6,15.766221198156682
PRL_16_12_24_1,15.766221198156682
PRL_16_12_24_2,15.766221198156682
PRL_16_12_24_3,15.766221198156682
PRL_16_12_24_4,15.766221198156682
PRL_16_12_24_5,15.766221198156682
PRL_16_12_24_6,15.766221198156682
PRL_16_12_25_1,15.766221198156682
PRL_16_12_25_2,15.766221198156682
PRL_16_12_25_3,15.766221198156682
PRL_16_12_25_4,15.766221198156682
PRL_16_12_25_5,15.766221198156682
PRL_16_12_25_6,15.766221198156682
PRL_16_12_26_1,20.193354838709677
PRL_16_12_26_2,20.193354838709677
PRL_16_12_26_3,20.193354838709677
PRL_16_12_26_4,20.193354838709677
PRL_16_12_26_5,20.193354838709677
PRL_16_12_26_6,20.193354838709677
PRL_16_12_27_1,20.193354838709677
PRL_16_12_27_2,20.193354838709677
PRL_16_12_27_3,20.193354838709677
PRL_16_12_27_4,20.193354838709677
PRL_16_12_27_5,20.193354838709677
PRL_16_12_27_6,20.193354838709677
PRL_16_12_28_1,20.193354838709677
PRL_16_12_28_2,20.193354838709677
PRL_16_12_28_3,20.193354838709677
PRL_16_12_28_4,20.193354838709677
PRL_16_12_28_5,20.193354838709677
PRL_16_12_28_6,20.193354838709677
PRL_16_12_29_1,20.193354838709677
PRL_16_12_29_2,20.193354838709677
PRL_16_12_29_3,20.193354838709677
PRL_16_12_29_4,20.193354838709677
PRL_16_12_29_5,20.193354838709677
PRL_16_12_29_6,20.193354838709677
PRL_16_12_30_1,20.193354838709677
PRL_16_12_30_2,20.193354838709677
PRL_16_12_30_3,20.193354838709677
PRL_16_12_30_4,20.193354838709677
PRL_16_12_30_5,20.193354838709677
PRL_16_12_30_6,20.193354838709677
PRL_16_12_31_1,20.193354838709677
PRL_16_12_31_2,20.193354838709677
PRL_16_12_31_3,20.193354838709677
PRL_16_12_31_4,20.193354838709677
PRL_16_12_31_5,20.193354838709677
PRL_16_12_31_6,20.193354838709677
