Ausschreibung,Preis
PRL_24_01_01_1,28.7
PRL_24_01_01_2,26.1
PRL_24_01_01_3,17.2
PRL_24_01_01_4,19.4
PRL_24_01_01_5,18.1
PRL_24_01_01_6,19.99
PRL_24_01_02_1,23.5
PRL_24_01_02_2,24.5
PRL_24_01_02_3,16.76
PRL_24_01_02_4,14.8
PRL_24_01_02_5,15.0
PRL_24_01_02_6,14.26
PRL_24_01_03_1,23.6
PRL_24_01_03_2,21.92
PRL_24_01_03_3,14.1
PRL_24_01_03_4,15.0
PRL_24_01_03_5,16.85
PRL_24_01_03_6,13.9
PRL_24_01_04_1,33.9
PRL_24_01_04_2,26.9
PRL_24_01_04_3,14.04
PRL_24_01_04_4,13.5
PRL_24_01_04_5,14.0
PRL_24_01_04_6,12.4
PRL_24_01_05_1,20.35
PRL_24_01_05_2,16.3
PRL_24_01_05_3,12.51
PRL_24_01_05_4,10.7
PRL_24_01_05_5,13.6
PRL_24_01_05_6,10.1
PRL_24_01_06_1,17.4
PRL_24_01_06_2,14.01
PRL_24_01_06_3,9.6
PRL_24_01_06_4,9.09
PRL_24_01_06_5,10.28
PRL_24_01_06_6,9.4
PRL_24_01_07_1,13.74
PRL_24_01_07_2,14.5
PRL_24_01_07_3,9.72
PRL_24_01_07_4,8.53
PRL_24_01_07_5,10.88
PRL_24_01_07_6,8.9
PRL_24_01_08_1,12.58
PRL_24_01_08_2,16.8
PRL_24_01_08_3,10.12
PRL_24_01_08_4,9.26
PRL_24_01_08_5,10.0
PRL_24_01_08_6,8.6
PRL_24_01_09_1,10.12
PRL_24_01_09_2,11.55
PRL_24_01_09_3,9.07
PRL_24_01_09_4,8.3
PRL_24_01_09_5,13.23
PRL_24_01_09_6,8.5
PRL_24_01_10_1,9.25
PRL_24_01_10_2,13.66
PRL_24_01_10_3,13.88
PRL_24_01_10_4,9.63
PRL_24_01_10_5,14.2
PRL_24_01_10_6,7.28
PRL_24_01_11_1,8.2
PRL_24_01_11_2,9.2
PRL_24_01_11_3,8.78
PRL_24_01_11_4,7.0
PRL_24_01_11_5,13.8
PRL_24_01_11_6,6.8
PRL_24_01_12_1,6.7
PRL_24_01_12_2,8.3
PRL_24_01_12_3,9.91
PRL_24_01_12_4,6.46
PRL_24_01_12_5,13.57
PRL_24_01_12_6,6.4
PRL_24_01_13_1,10.45
PRL_24_01_13_2,11.02
PRL_24_01_13_3,8.83
PRL_24_01_13_4,10.01
PRL_24_01_13_5,8.58
PRL_24_01_13_6,8.59
PRL_24_01_14_1,7.37
PRL_24_01_14_2,7.92
PRL_24_01_14_3,9.0
PRL_24_01_14_4,6.8
PRL_24_01_14_5,7.92
PRL_24_01_14_6,7.67
PRL_24_01_15_1,9.1
PRL_24_01_15_2,8.25
PRL_24_01_15_3,8.01
PRL_24_01_15_4,6.78
PRL_24_01_15_5,9.38
PRL_24_01_15_6,6.79
PRL_24_01_16_1,8.81
PRL_24_01_16_2,8.7
PRL_24_01_16_3,9.16
PRL_24_01_16_4,7.28
PRL_24_01_16_5,10.36
PRL_24_01_16_6,6.17
PRL_24_01_17_1,7.26
PRL_24_01_17_2,9.97
PRL_24_01_17_3,8.57
PRL_24_01_17_4,6.48
PRL_24_01_17_5,11.13
PRL_24_01_17_6,5.99
PRL_24_01_18_1,6.83
PRL_24_01_18_2,7.63
PRL_24_01_18_3,7.96
PRL_24_01_18_4,5.68
PRL_24_01_18_5,12.05
PRL_24_01_18_6,6.14
PRL_24_01_19_1,7.52
PRL_24_01_19_2,9.5
PRL_24_01_19_3,10.0
PRL_24_01_19_4,6.2
PRL_24_01_19_5,11.48
PRL_24_01_19_6,6.01
PRL_24_01_20_1,8.0
PRL_24_01_20_2,7.77
PRL_24_01_20_3,6.5
PRL_24_01_20_4,6.34
PRL_24_01_20_5,6.56
PRL_24_01_20_6,6.96
PRL_24_01_21_1,9.92
PRL_24_01_21_2,9.71
PRL_24_01_21_3,9.44
PRL_24_01_21_4,7.98
PRL_24_01_21_5,8.52
PRL_24_01_21_6,7.42
PRL_24_01_22_1,9.95
PRL_24_01_22_2,10.1
PRL_24_01_22_3,9.42
PRL_24_01_22_4,8.04
PRL_24_01_22_5,10.86
PRL_24_01_22_6,7.85
PRL_24_01_23_1,12.5
PRL_24_01_23_2,13.23
PRL_24_01_23_3,9.42
PRL_24_01_23_4,8.99
PRL_24_01_23_5,9.82
PRL_24_01_23_6,9.29
PRL_24_01_24_1,14.92
PRL_24_01_24_2,13.48
PRL_24_01_24_3,9.89
PRL_24_01_24_4,9.43
PRL_24_01_24_5,11.55
PRL_24_01_24_6,10.0
PRL_24_01_25_1,21.58
PRL_24_01_25_2,16.4
PRL_24_01_25_3,8.01
PRL_24_01_25_4,7.97
PRL_24_01_25_5,10.33
PRL_24_01_25_6,7.59
PRL_24_01_26_1,14.75
PRL_24_01_26_2,12.18
PRL_24_01_26_3,8.86
PRL_24_01_26_4,8.63
PRL_24_01_26_5,11.55
PRL_24_01_26_6,8.79
PRL_24_01_27_1,13.53
PRL_24_01_27_2,11.82
PRL_24_01_27_3,11.0
PRL_24_01_27_4,8.78
PRL_24_01_27_5,8.63
PRL_24_01_27_6,8.5
PRL_24_01_28_1,12.12
PRL_24_01_28_2,10.11
PRL_24_01_28_3,9.01
PRL_24_01_28_4,11.72
PRL_24_01_28_5,9.72
PRL_24_01_28_6,8.04
PRL_24_01_29_1,10.27
PRL_24_01_29_2,12.0
PRL_24_01_29_3,7.76
PRL_24_01_29_4,7.33
PRL_24_01_29_5,9.5
PRL_24_01_29_6,6.14
PRL_24_01_30_1,8.92
PRL_24_01_30_2,9.81
PRL_24_01_30_3,8.4
PRL_24_01_30_4,7.45
PRL_24_01_30_5,10.09
PRL_24_01_30_6,6.0
PRL_24_01_31_1,8.25
PRL_24_01_31_2,9.0
PRL_24_01_31_3,7.96
PRL_24_01_31_4,7.68
PRL_24_01_31_5,6.75
PRL_24_01_31_6,6.55
PRL_24_02_01_1,7.92
PRL_24_02_01_2,8.43
PRL_24_02_01_3,7.08
PRL_24_02_01_4,6.72
PRL_24_02_01_5,6.5
PRL_24_02_01_6,6.59
PRL_24_02_02_1,7.5
PRL_24_02_02_2,10.24
PRL_24_02_02_3,8.2
PRL_24_02_02_4,7.45
PRL_24_02_02_5,6.37
PRL_24_02_02_6,6.62
PRL_24_02_03_1,19.49
PRL_24_02_03_2,21.22
PRL_24_02_03_3,14.0
PRL_24_02_03_4,18.75
PRL_24_02_03_5,12.46
PRL_24_02_03_6,14.0
PRL_24_02_04_1,16.12
PRL_24_02_04_2,14.1
PRL_24_02_04_3,9.17
PRL_24_02_04_4,11.0
PRL_24_02_04_5,9.5
PRL_24_02_04_6,8.5
PRL_24_02_05_1,14.15
PRL_24_02_05_2,13.8
PRL_24_02_05_3,9.5
PRL_24_02_05_4,9.68
PRL_24_02_05_5,9.5
PRL_24_02_05_6,8.48
PRL_24_02_06_1,14.0
PRL_24_02_06_2,14.1
PRL_24_02_06_3,9.6
PRL_24_02_06_4,9.0
PRL_24_02_06_5,10.08
PRL_24_02_06_6,8.03
PRL_24_02_07_1,13.91
PRL_24_02_07_2,13.45
PRL_24_02_07_3,7.1
PRL_24_02_07_4,8.0
PRL_24_02_07_5,9.6
PRL_24_02_07_6,6.52
PRL_24_02_08_1,8.0
PRL_24_02_08_2,9.7
PRL_24_02_08_3,7.5
PRL_24_02_08_4,5.5
PRL_24_02_08_5,7.59
PRL_24_02_08_6,7.3
PRL_24_02_09_1,10.0
PRL_24_02_09_2,9.94
PRL_24_02_09_3,7.0
PRL_24_02_09_4,6.91
PRL_24_02_09_5,8.39
PRL_24_02_09_6,6.5
PRL_24_02_10_1,8.95
PRL_24_02_10_2,9.0
PRL_24_02_10_3,6.25
PRL_24_02_10_4,6.7
PRL_24_02_10_5,7.0
PRL_24_02_10_6,5.78
PRL_24_02_11_1,9.52
PRL_24_02_11_2,8.67
PRL_24_02_11_3,7.3
PRL_24_02_11_4,6.25
PRL_24_02_11_5,7.96
PRL_24_02_11_6,5.3
PRL_24_02_12_1,9.04
PRL_24_02_12_2,8.87
PRL_24_02_12_3,6.4
PRL_24_02_12_4,5.77
PRL_24_02_12_5,8.75
PRL_24_02_12_6,5.1
PRL_24_02_13_1,8.32
PRL_24_02_13_2,9.11
PRL_24_02_13_3,7.42
PRL_24_02_13_4,7.5
PRL_24_02_13_5,9.5
PRL_24_02_13_6,4.92
PRL_24_02_14_1,7.5
PRL_24_02_14_2,7.72
PRL_24_02_14_3,6.64
PRL_24_02_14_4,5.42
PRL_24_02_14_5,7.32
PRL_24_02_14_6,4.78
PRL_24_02_15_1,6.8
PRL_24_02_15_2,5.5
PRL_24_02_15_3,4.63
PRL_24_02_15_4,7.24
PRL_24_02_15_5,4.6
PRL_24_02_16_1,6.16
PRL_24_02_16_2,6.4
PRL_24_02_16_3,5.63
PRL_24_02_16_4,4.63
PRL_24_02_16_5,6.94
PRL_24_02_16_6,4.6
PRL_24_02_17_1,6.13
PRL_24_02_17_2,5.6
PRL_24_02_17_3,4.78
PRL_24_02_17_4,5.25
PRL_24_02_17_5,5.03
PRL_24_02_17_6,4.33
PRL_24_02_18_1,6.0
PRL_24_02_18_2,6.25
PRL_24_02_18_3,7.33
PRL_24_02_18_4,8.8
PRL_24_02_18_5,5.84
PRL_24_02_18_6,4.6
PRL_24_02_19_1,6.25
PRL_24_02_19_2,6.0
PRL_24_02_19_3,5.84
PRL_24_02_19_4,6.34
PRL_24_02_19_5,7.9
PRL_24_02_19_6,4.78
PRL_24_02_20_1,7.38
PRL_24_02_20_2,6.8
PRL_24_02_20_3,7.1
PRL_24_02_20_4,8.2
PRL_24_02_20_5,8.49
PRL_24_02_20_6,4.78
PRL_24_02_21_1,10.98
PRL_24_02_21_2,9.06
PRL_24_02_21_3,7.34
PRL_24_02_21_4,7.6
PRL_24_02_21_5,8.05
PRL_24_02_21_6,5.74
PRL_24_02_22_1,9.72
PRL_24_02_22_2,9.69
PRL_24_02_22_3,6.0
PRL_24_02_22_4,8.09
PRL_24_02_22_5,8.76
PRL_24_02_22_6,11.15
PRL_24_02_23_1,13.9
PRL_24_02_23_2,16.53
PRL_24_02_23_3,8.0
PRL_24_02_23_4,10.13
PRL_24_02_23_5,8.61
PRL_24_02_23_6,8.0
PRL_24_02_24_1,11.85
PRL_24_02_24_2,12.28
PRL_24_02_24_3,8.17
PRL_24_02_24_4,10.42
PRL_24_02_24_5,7.4
PRL_24_02_24_6,8.0
PRL_24_02_25_1,11.2
PRL_24_02_25_2,8.62
PRL_24_02_25_3,8.57
PRL_24_02_25_4,10.4
PRL_24_02_25_5,7.92
PRL_24_02_25_6,6.98
PRL_24_02_26_1,8.0
PRL_24_02_26_2,5.5
PRL_24_02_26_3,7.0
PRL_24_02_26_4,7.28
PRL_24_02_26_5,5.11
PRL_24_02_27_1,6.38
PRL_24_02_27_2,4.9
PRL_24_02_27_3,4.75
PRL_24_02_27_4,8.7
PRL_24_02_27_5,4.62
PRL_24_02_28_1,4.8
PRL_24_02_28_2,4.78
PRL_24_02_28_3,5.4
PRL_24_02_28_4,4.77
PRL_24_02_28_5,13.8
PRL_24_02_28_6,4.6
PRL_24_02_29_1,17.0
PRL_24_02_29_2,13.56
PRL_24_02_29_3,9.0
PRL_24_02_29_4,13.5
PRL_24_02_29_5,11.42
PRL_24_02_29_6,10.12
PRL_24_03_01_1,6.58
PRL_24_03_01_2,5.75
PRL_24_03_01_3,5.9
PRL_24_03_01_4,6.11
PRL_24_03_01_5,6.61
PRL_24_03_01_6,6.0
PRL_24_03_02_1,5.34
PRL_24_03_02_2,5.22
PRL_24_03_02_3,5.16
PRL_24_03_02_4,5.42
PRL_24_03_02_5,5.48
PRL_24_03_02_6,4.78
PRL_24_03_03_1,5.59
PRL_24_03_03_2,4.99
PRL_24_03_03_3,6.25
PRL_24_03_03_4,7.3
PRL_24_03_03_5,7.02
PRL_24_03_03_6,4.72
PRL_24_03_04_1,5.57
PRL_24_03_04_2,5.73
PRL_24_03_04_3,6.98
PRL_24_03_04_4,5.5
PRL_24_03_04_5,9.24
PRL_24_03_04_6,4.56
PRL_24_03_05_1,6.25
PRL_24_03_05_2,5.28
PRL_24_03_05_3,5.3
PRL_24_03_05_4,4.78
PRL_24_03_05_5,9.78
PRL_24_03_05_6,4.6
PRL_24_03_06_1,5.05
PRL_24_03_06_2,4.91
PRL_24_03_06_3,4.78
PRL_24_03_06_4,9.5
PRL_24_03_06_5,4.5
PRL_24_03_07_1,5.0
PRL_24_03_07_2,5.48
PRL_24_03_07_3,6.83
PRL_24_03_07_4,7.62
PRL_24_03_07_5,9.5
PRL_24_03_07_6,4.6
PRL_24_03_08_1,5.0
PRL_24_03_08_2,6.07
PRL_24_03_08_3,6.9
PRL_24_03_08_4,10.5
PRL_24_03_08_5,8.96
PRL_24_03_08_6,5.05
PRL_24_03_09_1,5.56
PRL_24_03_09_2,5.5
PRL_24_03_09_3,9.85
PRL_24_03_09_4,13.5
PRL_24_03_09_5,9.44
PRL_24_03_09_6,6.93
PRL_24_03_10_1,6.84
PRL_24_03_10_2,6.0
PRL_24_03_10_3,10.0
PRL_24_03_10_4,13.9
PRL_24_03_10_5,9.45
PRL_24_03_10_6,6.25
PRL_24_03_11_1,8.88
PRL_24_03_11_2,6.92
PRL_24_03_11_3,8.5
PRL_24_03_11_4,9.89
PRL_24_03_11_5,10.07
PRL_24_03_11_6,5.28
PRL_24_03_12_1,4.88
PRL_24_03_12_2,6.26
PRL_24_03_12_3,8.5
PRL_24_03_12_4,7.48
PRL_24_03_12_5,10.4
PRL_24_03_12_6,5.4
PRL_24_03_13_1,5.02
PRL_24_03_13_2,5.9
PRL_24_03_13_3,5.52
PRL_24_03_13_4,6.02
PRL_24_03_13_5,10.5
PRL_24_03_13_6,4.78
PRL_24_03_14_1,5.36
PRL_24_03_14_2,5.54
PRL_24_03_14_3,6.84
PRL_24_03_14_4,6.18
PRL_24_03_14_5,9.71
PRL_24_03_14_6,4.78
PRL_24_03_15_1,5.0
PRL_24_03_15_2,4.78
PRL_24_03_15_3,6.48
PRL_24_03_15_4,7.62
PRL_24_03_15_5,8.5
PRL_24_03_15_6,4.76
PRL_24_03_16_1,5.29
PRL_24_03_16_2,5.57
PRL_24_03_16_3,6.8
PRL_24_03_16_4,9.89
PRL_24_03_16_5,9.0
PRL_24_03_16_6,4.64
PRL_24_03_17_1,7.37
PRL_24_03_17_2,6.4
PRL_24_03_17_3,9.0
PRL_24_03_17_4,11.39
PRL_24_03_17_5,7.88
PRL_24_03_17_6,5.18
PRL_24_03_18_1,6.5
PRL_24_03_18_2,7.32
PRL_24_03_18_3,7.56
PRL_24_03_18_4,9.75
PRL_24_03_18_5,5.0
PRL_24_03_19_1,6.52
PRL_24_03_19_2,5.2
PRL_24_03_19_3,7.19
PRL_24_03_19_4,7.5
PRL_24_03_19_5,9.89
PRL_24_03_19_6,5.25
PRL_24_03_20_1,5.75
PRL_24_03_20_2,7.78
PRL_24_03_20_3,8.68
PRL_24_03_20_4,13.9
PRL_24_03_20_5,5.67
PRL_24_03_21_1,5.11
PRL_24_03_21_2,6.0
PRL_24_03_21_3,8.94
PRL_24_03_21_4,8.52
PRL_24_03_21_5,13.0
PRL_24_03_21_6,6.02
PRL_24_03_22_1,5.02
PRL_24_03_22_2,6.76
PRL_24_03_22_3,9.08
PRL_24_03_22_4,8.02
PRL_24_03_22_5,12.75
PRL_24_03_22_6,6.22
PRL_24_03_23_1,5.08
PRL_24_03_23_2,6.5
PRL_24_03_23_3,11.2
PRL_24_03_23_4,12.9
PRL_24_03_23_5,14.06
PRL_24_03_23_6,8.75
PRL_24_03_24_1,8.65
PRL_24_03_24_2,9.88
PRL_24_03_24_3,17.68
PRL_24_03_24_4,22.9
PRL_24_03_24_5,17.64
PRL_24_03_24_6,8.0
PRL_24_03_25_1,9.84
PRL_24_03_25_2,10.14
PRL_24_03_25_3,10.86
PRL_24_03_25_4,9.0
PRL_24_03_25_5,16.02
PRL_24_03_25_6,7.73
PRL_24_03_26_1,8.86
PRL_24_03_26_2,8.94
PRL_24_03_26_3,14.64
PRL_24_03_26_4,14.48
PRL_24_03_26_5,13.5
PRL_24_03_26_6,7.48
PRL_24_03_27_1,7.55
PRL_24_03_27_2,8.31
PRL_24_03_27_3,13.51
PRL_24_03_27_4,14.0
PRL_24_03_27_5,13.9
PRL_24_03_27_6,7.98
PRL_24_03_28_1,7.07
PRL_24_03_28_2,7.29
PRL_24_03_28_3,12.03
PRL_24_03_28_4,18.2
PRL_24_03_28_5,13.0
PRL_24_03_28_6,7.36
PRL_24_03_29_1,7.0
PRL_24_03_29_2,7.92
PRL_24_03_29_3,15.92
PRL_24_03_29_4,22.21
PRL_24_03_29_5,13.28
PRL_24_03_29_6,7.93
PRL_24_03_30_1,10.31
PRL_24_03_30_2,9.75
PRL_24_03_30_3,14.67
PRL_24_03_30_4,22.99
PRL_24_03_30_5,14.3
PRL_24_03_30_6,8.46
PRL_24_03_31_1,13.16
PRL_24_03_31_2,9.16
PRL_24_03_31_3,15.93
PRL_24_03_31_4,24.71
PRL_24_03_31_5,15.49
PRL_24_03_31_6,9.58
PRL_24_04_01_1,11.39
PRL_24_04_01_2,11.23
PRL_24_04_01_3,19.5
PRL_24_04_01_4,28.75
PRL_24_04_01_5,14.44
PRL_24_04_01_6,10.08
PRL_24_04_02_1,11.06
PRL_24_04_02_2,10.02
PRL_24_04_02_3,15.25
PRL_24_04_02_4,24.88
PRL_24_04_02_5,17.18
PRL_24_04_02_6,9.54
PRL_24_04_03_1,12.93
PRL_24_04_03_2,10.88
PRL_24_04_03_3,16.89
PRL_24_04_03_4,27.5
PRL_24_04_03_5,15.88
PRL_24_04_03_6,9.84
PRL_24_04_04_1,11.0
PRL_24_04_04_2,11.22
PRL_24_04_04_3,17.61
PRL_24_04_04_4,29.58
PRL_24_04_04_5,15.41
PRL_24_04_04_6,9.84
PRL_24_04_05_1,9.72
PRL_24_04_05_2,9.18
PRL_24_04_05_3,12.89
PRL_24_04_05_4,18.5
PRL_24_04_05_5,12.81
PRL_24_04_05_6,9.65
PRL_24_04_06_1,8.89
PRL_24_04_06_2,8.9
PRL_24_04_06_3,14.25
PRL_24_04_06_4,28.91
PRL_24_04_06_5,13.8
PRL_24_04_06_6,8.88
PRL_24_04_07_1,9.16
PRL_24_04_07_2,8.57
PRL_24_04_07_3,14.0
PRL_24_04_07_4,32.5
PRL_24_04_07_5,15.19
PRL_24_04_07_6,8.22
PRL_24_04_08_1,11.25
PRL_24_04_08_2,14.0
PRL_24_04_08_3,16.22
PRL_24_04_08_4,30.68
PRL_24_04_08_5,21.88
PRL_24_04_08_6,13.9
PRL_24_04_09_1,12.0
PRL_24_04_09_2,12.25
PRL_24_04_09_3,14.3
PRL_24_04_09_4,20.31
PRL_24_04_09_5,14.1
PRL_24_04_09_6,11.25
PRL_24_04_10_1,26.01
PRL_24_04_10_2,18.75
PRL_24_04_10_3,26.52
PRL_24_04_10_4,36.48
PRL_24_04_10_5,24.9
PRL_24_04_10_6,15.98
PRL_24_04_11_1,22.5
PRL_24_04_11_2,17.28
PRL_24_04_11_3,25.25
PRL_24_04_11_4,36.14
PRL_24_04_11_5,23.5
PRL_24_04_11_6,15.66
PRL_24_04_12_1,17.25
PRL_24_04_12_2,14.92
PRL_24_04_12_3,24.68
PRL_24_04_12_4,34.75
PRL_24_04_12_5,23.48
PRL_24_04_12_6,15.0
PRL_24_04_13_1,17.25
PRL_24_04_13_2,14.92
PRL_24_04_13_3,38.8
PRL_24_04_13_4,36.72
PRL_24_04_13_5,28.99
PRL_24_04_13_6,15.0
PRL_24_04_14_1,24.85
PRL_24_04_14_2,25.0
PRL_24_04_14_3,47.87
PRL_24_04_14_4,72.01
PRL_24_04_14_5,30.5
PRL_24_04_14_6,13.73
PRL_24_04_15_1,13.82
PRL_24_04_15_2,14.1
PRL_24_04_15_3,30.85
PRL_24_04_15_4,37.19
PRL_24_04_15_5,23.0
PRL_24_04_15_6,19.04
PRL_24_04_16_1,18.75
PRL_24_04_16_2,19.93
PRL_24_04_16_3,31.5
PRL_24_04_16_4,36.36
PRL_24_04_16_5,23.24
PRL_24_04_16_6,18.0
PRL_24_04_17_1,11.0
PRL_24_04_17_2,17.8
PRL_24_04_17_3,20.65
PRL_24_04_17_4,25.0
PRL_24_04_17_5,19.0
PRL_24_04_17_6,12.15
PRL_24_04_18_1,9.79
PRL_24_04_18_2,13.9
PRL_24_04_18_3,14.1
PRL_24_04_18_4,29.41
PRL_24_04_18_5,13.4
PRL_24_04_18_6,9.62
PRL_24_04_19_1,11.48
PRL_24_04_19_2,14.8
PRL_24_04_19_3,19.76
PRL_24_04_19_4,26.65
PRL_24_04_19_5,15.51
PRL_24_04_19_6,11.34
PRL_24_04_20_1,16.64
PRL_24_04_20_2,17.99
PRL_24_04_20_3,27.96
PRL_24_04_20_4,28.12
PRL_24_04_20_5,23.6
PRL_24_04_20_6,11.53
PRL_24_04_21_1,14.1
PRL_24_04_21_2,15.5
PRL_24_04_21_3,24.2
PRL_24_04_21_4,31.8
PRL_24_04_21_5,23.7
PRL_24_04_21_6,11.83
PRL_24_04_22_1,11.9
PRL_24_04_22_2,14.0
PRL_24_04_22_3,21.5
PRL_24_04_22_4,27.03
PRL_24_04_22_5,19.4
PRL_24_04_22_6,12.87
PRL_24_04_23_1,7.92
PRL_24_04_23_2,10.42
PRL_24_04_23_3,14.41
PRL_24_04_23_4,19.89
PRL_24_04_23_5,10.7
PRL_24_04_23_6,8.0
PRL_24_04_24_1,9.48
PRL_24_04_24_2,15.0
PRL_24_04_24_3,17.08
PRL_24_04_24_4,18.45
PRL_24_04_24_5,17.87
PRL_24_04_24_6,14.1
PRL_24_04_25_1,8.36
PRL_24_04_25_2,16.46
PRL_24_04_25_3,16.98
PRL_24_04_25_4,14.84
PRL_24_04_25_5,12.5
PRL_24_04_26_1,10.1
PRL_24_04_26_2,17.0
PRL_24_04_26_3,18.56
PRL_24_04_26_4,17.18
PRL_24_04_26_5,18.69
PRL_24_04_26_6,17.0
PRL_24_04_27_1,9.0
PRL_24_04_27_2,13.75
PRL_24_04_27_3,20.3
PRL_24_04_27_4,24.2
PRL_24_04_27_5,21.8
PRL_24_04_27_6,13.8
PRL_24_04_28_1,11.25
PRL_24_04_28_2,13.9
PRL_24_04_28_3,31.01
PRL_24_04_28_4,45.5
PRL_24_04_28_5,23.62
PRL_24_04_28_6,16.54
PRL_24_04_29_1,10.27
PRL_24_04_29_2,12.75
PRL_24_04_29_3,19.85
PRL_24_04_29_4,33.92
PRL_24_04_29_5,16.73
PRL_24_04_29_6,12.7
PRL_24_04_30_1,9.9
PRL_24_04_30_2,11.14
PRL_24_04_30_3,14.18
PRL_24_04_30_4,25.02
PRL_24_04_30_5,12.75
PRL_24_04_30_6,11.43
PRL_24_05_01_1,9.0
PRL_24_05_01_2,14.14
PRL_24_05_01_3,32.0
PRL_24_05_01_4,45.0
PRL_24_05_01_5,27.75
PRL_24_05_01_6,14.3
PRL_24_05_02_1,9.53
PRL_24_05_02_2,13.8
PRL_24_05_02_3,27.0
PRL_24_05_02_4,41.56
PRL_24_05_02_5,21.75
PRL_24_05_02_6,13.5
PRL_24_05_03_1,10.5
PRL_24_05_03_2,12.75
PRL_24_05_03_3,16.95
PRL_24_05_03_4,30.0
PRL_24_05_03_5,14.0
PRL_24_05_03_6,9.8
PRL_24_05_04_1,9.73
PRL_24_05_04_2,11.62
PRL_24_05_04_3,23.5
PRL_24_05_04_4,28.84
PRL_24_05_04_5,17.0
PRL_24_05_04_6,10.92
PRL_24_05_05_1,9.6
PRL_24_05_05_2,12.44
PRL_24_05_05_3,25.0
PRL_24_05_05_4,40.0
PRL_24_05_05_5,21.94
PRL_24_05_05_6,8.75
PRL_24_05_06_1,8.0
PRL_24_05_06_2,11.25
PRL_24_05_06_3,20.95
PRL_24_05_06_4,24.07
PRL_24_05_06_5,13.75
PRL_24_05_06_6,8.5
PRL_24_05_07_1,9.0
PRL_24_05_07_2,10.75
PRL_24_05_07_3,11.53
PRL_24_05_07_4,15.9
PRL_24_05_07_5,14.78
PRL_24_05_07_6,17.58
PRL_24_05_08_1,8.5
PRL_24_05_08_2,13.11
PRL_24_05_08_3,19.52
PRL_24_05_08_4,25.13
PRL_24_05_08_5,15.88
PRL_24_05_08_6,14.03
PRL_24_05_09_1,8.29
PRL_24_05_09_2,12.41
PRL_24_05_09_3,31.48
PRL_24_05_09_4,38.28
PRL_24_05_09_5,22.61
PRL_24_05_09_6,12.89
PRL_24_05_10_1,7.88
PRL_24_05_10_2,12.05
PRL_24_05_10_3,24.85
PRL_24_05_10_4,31.06
PRL_24_05_10_5,22.3
PRL_24_05_10_6,14.14
PRL_24_05_11_1,8.12
PRL_24_05_11_2,12.5
PRL_24_05_11_3,41.74
PRL_24_05_11_4,49.95
PRL_24_05_11_5,23.33
PRL_24_05_11_6,13.75
PRL_24_05_12_1,9.63
PRL_24_05_12_2,12.63
PRL_24_05_12_3,32.88
PRL_24_05_12_4,56.22
PRL_24_05_12_5,29.13
PRL_24_05_12_6,14.75
PRL_24_05_13_1,9.6
PRL_24_05_13_2,12.68
PRL_24_05_13_3,27.5
PRL_24_05_13_4,39.25
PRL_24_05_13_5,28.42
PRL_24_05_13_6,16.27
PRL_24_05_14_1,13.8
PRL_24_05_14_2,13.91
PRL_24_05_14_3,36.22
PRL_24_05_14_4,43.48
PRL_24_05_14_5,29.0
PRL_24_05_14_6,18.4
PRL_24_05_15_1,10.85
PRL_24_05_15_2,15.6
PRL_24_05_15_3,75.0
PRL_24_05_15_4,46.26
PRL_24_05_15_5,31.2
PRL_24_05_15_6,18.0
PRL_24_05_16_1,10.25
PRL_24_05_16_2,17.96
PRL_24_05_16_3,66.5
PRL_24_05_16_4,60.45
PRL_24_05_16_5,27.36
PRL_24_05_16_6,17.97
PRL_24_05_17_1,9.11
PRL_24_05_17_2,15.39
PRL_24_05_17_3,29.55
PRL_24_05_17_4,44.05
PRL_24_05_17_5,23.75
PRL_24_05_17_6,14.48
PRL_24_05_18_1,8.31
PRL_24_05_18_2,13.8
PRL_24_05_18_3,41.01
PRL_24_05_18_4,54.98
PRL_24_05_18_5,23.67
PRL_24_05_18_6,13.8
PRL_24_05_19_1,9.36
PRL_24_05_19_2,19.3
PRL_24_05_19_3,53.97
PRL_24_05_19_4,75.21
PRL_24_05_19_5,38.55
PRL_24_05_19_6,23.88
PRL_24_05_20_1,10.0
PRL_24_05_20_2,13.2
PRL_24_05_20_3,40.47
PRL_24_05_20_4,61.32
PRL_24_05_20_5,25.86
PRL_24_05_20_6,19.38
PRL_24_05_21_1,8.17
PRL_24_05_21_2,12.55
PRL_24_05_21_3,26.14
PRL_24_05_21_4,51.34
PRL_24_05_21_5,27.61
PRL_24_05_21_6,25.0
PRL_24_05_22_1,20.1
PRL_24_05_22_2,17.9
PRL_24_05_22_3,33.59
PRL_24_05_22_4,48.8
PRL_24_05_22_5,27.28
PRL_24_05_22_6,19.68
PRL_24_05_23_1,10.0
PRL_24_05_23_2,14.11
PRL_24_05_23_3,24.0
PRL_24_05_23_4,42.8
PRL_24_05_23_5,20.36
PRL_24_05_23_6,20.0
PRL_24_05_24_1,7.82
PRL_24_05_24_2,11.0
PRL_24_05_24_3,17.75
PRL_24_05_24_4,21.5
PRL_24_05_24_5,17.5
PRL_24_05_24_6,13.9
PRL_24_05_25_1,7.92
PRL_24_05_25_2,10.3
PRL_24_05_25_3,25.56
PRL_24_05_25_4,33.88
PRL_24_05_25_5,23.0
PRL_24_05_25_6,12.7
PRL_24_05_26_1,8.64
PRL_24_05_26_2,12.03
PRL_24_05_26_3,32.52
PRL_24_05_26_4,48.15
PRL_24_05_26_5,23.08
PRL_24_05_26_6,12.5
PRL_24_05_27_1,8.44
PRL_24_05_27_2,10.52
PRL_24_05_27_3,17.52
PRL_24_05_27_4,26.2
PRL_24_05_27_5,16.5
PRL_24_05_27_6,12.7
PRL_24_05_28_1,7.47
PRL_24_05_28_2,10.0
PRL_24_05_28_3,13.9
PRL_24_05_28_4,20.5
PRL_24_05_28_5,15.21
PRL_24_05_28_6,11.75
PRL_24_05_29_1,7.5
PRL_24_05_29_2,11.57
PRL_24_05_29_3,21.1
PRL_24_05_29_4,27.5
PRL_24_05_29_5,19.48
PRL_24_05_29_6,12.75
PRL_24_05_30_1,7.59
PRL_24_05_30_2,10.62
PRL_24_05_30_3,18.26
PRL_24_05_30_4,22.0
PRL_24_05_30_5,14.25
PRL_24_05_30_6,11.5
PRL_24_05_31_1,7.09
PRL_24_05_31_2,9.5
PRL_24_05_31_3,12.62
PRL_24_05_31_4,19.25
PRL_24_05_31_5,13.0
PRL_24_05_31_6,10.0
PRL_24_06_01_1,8.1
PRL_24_06_01_2,11.25
PRL_24_06_01_3,21.1
PRL_24_06_01_4,27.74
PRL_24_06_01_5,19.28
PRL_24_06_01_6,21.28
PRL_24_06_02_1,6.96
PRL_24_06_02_2,10.4
PRL_24_06_02_3,22.47
PRL_24_06_02_4,37.88
PRL_24_06_02_5,22.11
PRL_24_06_02_6,18.6
PRL_24_06_03_1,10.5
PRL_24_06_03_2,12.55
PRL_24_06_03_3,21.48
PRL_24_06_03_4,28.75
PRL_24_06_03_5,18.28
PRL_24_06_03_6,14.19
PRL_24_06_04_1,8.5
PRL_24_06_04_2,14.12
PRL_24_06_04_3,24.4
PRL_24_06_04_4,35.0
PRL_24_06_04_5,16.52
PRL_24_06_04_6,15.52
PRL_24_06_05_1,10.0
PRL_24_06_05_2,13.53
PRL_24_06_05_3,22.36
PRL_24_06_05_4,44.9
PRL_24_06_05_5,41.29
PRL_24_06_05_6,15.14
PRL_24_06_06_1,19.75
PRL_24_06_06_2,22.25
PRL_24_06_06_3,25.0
PRL_24_06_06_4,45.25
PRL_24_06_06_5,38.82
PRL_24_06_06_6,24.75
PRL_24_06_07_1,13.75
PRL_24_06_07_2,18.75
PRL_24_06_07_3,27.15
PRL_24_06_07_4,47.0
PRL_24_06_07_5,27.5
PRL_24_06_07_6,22.5
PRL_24_06_08_1,17.5
PRL_24_06_08_2,23.0
PRL_24_06_08_3,56.0
PRL_24_06_08_4,74.95
PRL_24_06_08_5,47.89
PRL_24_06_08_6,19.75
PRL_24_06_09_1,17.97
PRL_24_06_09_2,25.62
PRL_24_06_09_3,64.31
PRL_24_06_09_4,90.0
PRL_24_06_09_5,49.43
PRL_24_06_09_6,17.5
PRL_24_06_10_1,15.84
PRL_24_06_10_2,18.98
PRL_24_06_10_3,33.32
PRL_24_06_10_4,57.76
PRL_24_06_10_5,24.0
PRL_24_06_10_6,15.5
PRL_24_06_11_1,14.7
PRL_24_06_11_2,18.28
PRL_24_06_11_3,25.0
PRL_24_06_11_4,41.04
PRL_24_06_11_5,32.98
PRL_24_06_11_6,13.04
PRL_24_06_12_1,14.55
PRL_24_06_12_2,18.52
PRL_24_06_12_3,39.0
PRL_24_06_12_4,43.0
PRL_24_06_12_5,26.5
PRL_24_06_12_6,14.9
PRL_24_06_13_1,10.0
PRL_24_06_13_2,17.98
PRL_24_06_13_3,25.05
PRL_24_06_13_4,32.62
PRL_24_06_13_5,22.0
PRL_24_06_13_6,13.62
PRL_24_06_14_1,10.0
PRL_24_06_14_2,15.63
PRL_24_06_14_3,21.75
PRL_24_06_14_4,28.0
PRL_24_06_14_5,21.98
PRL_24_06_14_6,12.05
PRL_24_06_15_1,12.74
PRL_24_06_15_2,17.52
PRL_24_06_15_3,54.13
PRL_24_06_15_4,51.0
PRL_24_06_15_5,24.46
PRL_24_06_15_6,14.1
PRL_24_06_16_1,12.18
PRL_24_06_16_2,17.78
PRL_24_06_16_3,47.04
PRL_24_06_16_4,77.81
PRL_24_06_16_5,37.54
PRL_24_06_16_6,21.58
PRL_24_06_17_1,11.7
PRL_24_06_17_2,15.97
PRL_24_06_17_3,31.5
PRL_24_06_17_4,49.63
PRL_24_06_17_5,24.42
PRL_24_06_17_6,16.75
PRL_24_06_18_1,12.21
PRL_24_06_18_2,17.75
PRL_24_06_18_3,27.25
PRL_24_06_18_4,44.7
PRL_24_06_18_5,23.0
PRL_24_06_18_6,25.03
PRL_24_06_19_1,11.06
PRL_24_06_19_2,16.34
PRL_24_06_19_3,52.5
PRL_24_06_19_4,51.65
PRL_24_06_19_5,31.66
PRL_24_06_19_6,16.88
PRL_24_06_20_1,10.44
PRL_24_06_20_2,17.16
PRL_24_06_20_3,35.45
PRL_24_06_20_4,46.0
PRL_24_06_20_5,25.0
PRL_24_06_20_6,23.15
PRL_24_06_21_1,10.36
PRL_24_06_21_2,14.88
PRL_24_06_21_3,31.9
PRL_24_06_21_4,33.75
PRL_24_06_21_5,24.46
PRL_24_06_21_6,21.5
PRL_24_06_22_1,11.29
PRL_24_06_22_2,16.6
PRL_24_06_22_3,42.56
PRL_24_06_22_4,58.05
PRL_24_06_22_5,31.8
PRL_24_06_22_6,18.32
PRL_24_06_23_1,11.77
PRL_24_06_23_2,20.9
PRL_24_06_23_3,44.31
PRL_24_06_23_4,61.44
PRL_24_06_23_5,29.79
PRL_24_06_23_6,23.13
PRL_24_06_24_1,11.93
PRL_24_06_24_2,16.19
PRL_24_06_24_3,29.48
PRL_24_06_24_4,45.0
PRL_24_06_24_5,26.66
PRL_24_06_24_6,23.0
PRL_24_06_25_1,10.51
PRL_24_06_25_2,16.49
PRL_24_06_25_3,31.6
PRL_24_06_25_4,43.38
PRL_24_06_25_5,26.82
PRL_24_06_25_6,17.0
PRL_24_06_26_1,9.43
PRL_24_06_26_2,15.32
PRL_24_06_26_3,32.31
PRL_24_06_26_4,40.0
PRL_24_06_26_5,24.33
PRL_24_06_26_6,15.67
PRL_24_06_27_1,8.57
PRL_24_06_27_2,12.27
PRL_24_06_27_3,22.5
PRL_24_06_27_4,28.5
PRL_24_06_27_5,21.25
PRL_24_06_27_6,14.79
PRL_24_06_28_1,8.5
PRL_24_06_28_2,12.91
PRL_24_06_28_3,25.36
PRL_24_06_28_4,42.08
PRL_24_06_28_5,21.08
PRL_24_06_28_6,12.5
PRL_24_06_29_1,9.64
PRL_24_06_29_2,12.25
PRL_24_06_29_3,30.0
PRL_24_06_29_4,37.5
PRL_24_06_29_5,25.0
PRL_24_06_29_6,13.41
PRL_24_06_30_1,10.31
PRL_24_06_30_2,13.75
PRL_24_06_30_3,33.75
PRL_24_06_30_4,36.16
PRL_24_06_30_5,27.6
PRL_24_06_30_6,14.5
PRL_24_07_01_1,11.06
PRL_24_07_01_2,14.38
PRL_24_07_01_3,37.0
PRL_24_07_01_4,28.25
PRL_24_07_01_5,18.61
PRL_24_07_02_1,10.35
PRL_24_07_02_2,16.26
PRL_24_07_02_3,29.61
PRL_24_07_02_4,28.75
PRL_24_07_02_5,25.19
PRL_24_07_02_6,16.5
PRL_24_07_03_1,9.96
PRL_24_07_03_2,15.36
PRL_24_07_03_3,25.0
PRL_24_07_03_4,22.35
PRL_24_07_03_5,17.75
PRL_24_07_03_6,15.12
PRL_24_07_04_1,9.54
PRL_24_07_04_2,15.79
PRL_24_07_04_3,42.19
PRL_24_07_04_4,45.78
PRL_24_07_04_5,34.1
PRL_24_07_04_6,19.46
PRL_24_07_05_1,9.81
PRL_24_07_05_2,16.26
PRL_24_07_05_3,38.05
PRL_24_07_05_4,49.37
PRL_24_07_05_5,31.32
PRL_24_07_05_6,15.5
PRL_24_07_06_1,10.25
PRL_24_07_06_2,16.15
PRL_24_07_06_3,41.83
PRL_24_07_06_4,57.1
PRL_24_07_06_5,32.77
PRL_24_07_06_6,24.8
PRL_24_07_07_1,20.0
PRL_24_07_07_2,14.82
PRL_24_07_07_3,41.54
PRL_24_07_07_4,61.98
PRL_24_07_07_5,33.81
PRL_24_07_07_6,22.4
PRL_24_07_08_1,11.03
PRL_24_07_08_2,14.16
PRL_24_07_08_3,36.73
PRL_24_07_08_4,46.02
PRL_24_07_08_5,26.75
PRL_24_07_08_6,24.51
PRL_24_07_09_1,9.28
PRL_24_07_09_2,15.12
PRL_24_07_09_3,33.05
PRL_24_07_09_4,44.39
PRL_24_07_09_5,22.33
PRL_24_07_09_6,17.0
PRL_24_07_10_1,8.72
PRL_24_07_10_2,14.02
PRL_24_07_10_3,23.25
PRL_24_07_10_4,32.91
PRL_24_07_10_5,16.62
PRL_24_07_10_6,14.0
PRL_24_07_11_1,7.0
PRL_24_07_11_2,11.0
PRL_24_07_11_3,13.54
PRL_24_07_11_4,21.61
PRL_24_07_11_5,12.75
PRL_24_07_11_6,10.0
PRL_24_07_12_1,7.46
PRL_24_07_12_2,11.83
PRL_24_07_12_3,14.0
PRL_24_07_12_4,10.25
PRL_24_07_12_5,11.5
PRL_24_07_12_6,10.44
PRL_24_07_13_1,8.01
PRL_24_07_13_2,13.11
PRL_24_07_13_3,38.89
PRL_24_07_13_4,47.7
PRL_24_07_13_5,22.3
PRL_24_07_13_6,11.15
PRL_24_07_14_1,12.71
PRL_24_07_14_2,14.9
PRL_24_07_14_3,47.26
PRL_24_07_14_4,65.37
PRL_24_07_14_5,29.83
PRL_24_07_14_6,14.34
PRL_24_07_15_1,9.2
PRL_24_07_15_2,13.84
PRL_24_07_15_3,27.75
PRL_24_07_15_4,36.3
PRL_24_07_15_5,16.08
PRL_24_07_15_6,14.05
PRL_24_07_16_1,8.39
PRL_24_07_16_2,14.39
PRL_24_07_16_3,26.25
PRL_24_07_16_4,33.7
PRL_24_07_16_5,22.9
PRL_24_07_16_6,11.67
PRL_24_07_17_1,7.9
PRL_24_07_17_2,14.25
PRL_24_07_17_3,23.25
PRL_24_07_17_4,32.25
PRL_24_07_17_5,22.82
PRL_24_07_17_6,10.84
PRL_24_07_18_1,7.8
PRL_24_07_18_2,14.82
PRL_24_07_18_3,23.07
PRL_24_07_18_4,29.0
PRL_24_07_18_5,18.0
PRL_24_07_18_6,17.0
PRL_24_07_19_1,8.92
PRL_24_07_19_2,14.49
PRL_24_07_19_3,20.48
PRL_24_07_19_4,33.71
PRL_24_07_19_5,19.92
PRL_24_07_19_6,21.78
PRL_24_07_20_1,7.35
PRL_24_07_20_2,15.0
PRL_24_07_20_3,31.08
PRL_24_07_20_4,41.47
PRL_24_07_20_5,21.0
PRL_24_07_20_6,13.6
PRL_24_07_21_1,8.0
PRL_24_07_21_2,13.63
PRL_24_07_21_3,31.83
PRL_24_07_21_4,36.0
PRL_24_07_21_5,18.5
PRL_24_07_21_6,11.52
PRL_24_07_22_1,6.08
PRL_24_07_22_2,12.0
PRL_24_07_22_3,17.97
PRL_24_07_22_4,24.27
PRL_24_07_22_5,14.0
PRL_24_07_22_6,10.5
PRL_24_07_23_1,7.17
PRL_24_07_23_2,11.11
PRL_24_07_23_3,17.99
PRL_24_07_23_4,23.66
PRL_24_07_23_5,14.0
PRL_24_07_23_6,10.5
PRL_24_07_24_1,7.6
PRL_24_07_24_2,13.45
PRL_24_07_24_3,18.34
PRL_24_07_24_4,34.18
PRL_24_07_24_5,23.82
PRL_24_07_24_6,19.38
PRL_24_07_25_1,7.29
PRL_24_07_25_2,13.0
PRL_24_07_25_3,22.3
PRL_24_07_25_4,40.08
PRL_24_07_25_5,21.0
PRL_24_07_25_6,25.34
PRL_24_07_26_1,7.06
PRL_24_07_26_2,12.87
PRL_24_07_26_3,18.6
PRL_24_07_26_4,34.12
PRL_24_07_26_5,18.1
PRL_24_07_26_6,22.95
PRL_24_07_27_1,7.58
PRL_24_07_27_2,9.2
PRL_24_07_27_3,24.83
PRL_24_07_27_4,41.5
PRL_24_07_27_5,17.05
PRL_24_07_27_6,15.72
PRL_24_07_28_1,14.37
PRL_24_07_28_2,13.78
PRL_24_07_28_3,50.0
PRL_24_07_28_4,74.0
PRL_24_07_28_5,28.02
PRL_24_07_28_6,22.89
PRL_24_07_29_1,13.2
PRL_24_07_29_2,11.43
PRL_24_07_29_3,17.0
PRL_24_07_29_4,32.0
PRL_24_07_29_5,16.38
PRL_24_07_29_6,20.0
PRL_24_07_30_1,6.92
PRL_24_07_30_2,13.41
PRL_24_07_30_3,16.02
PRL_24_07_30_4,28.68
PRL_24_07_30_5,20.55
PRL_24_07_30_6,18.28
PRL_24_07_31_1,6.48
PRL_24_07_31_2,11.25
PRL_24_07_31_3,16.03
PRL_24_07_31_4,21.5
PRL_24_07_31_5,19.8
PRL_24_07_31_6,12.6
PRL_24_08_01_1,6.02
PRL_24_08_01_2,12.57
PRL_24_08_01_3,17.5
PRL_24_08_01_4,20.0
PRL_24_08_01_5,10.13
PRL_24_08_02_1,6.01
PRL_24_08_02_2,11.22
PRL_24_08_02_3,15.75
PRL_24_08_02_4,19.0
PRL_24_08_02_5,15.48
PRL_24_08_02_6,18.43
PRL_24_08_03_1,5.76
PRL_24_08_03_2,8.25
PRL_24_08_03_3,20.06
PRL_24_08_03_4,35.47
PRL_24_08_03_5,18.76
PRL_24_08_03_6,17.64
PRL_24_08_04_1,6.28
PRL_24_08_04_2,9.79
PRL_24_08_04_3,32.78
PRL_24_08_04_4,48.37
PRL_24_08_04_5,19.98
PRL_24_08_04_6,10.0
PRL_24_08_05_1,6.82
PRL_24_08_05_2,11.57
PRL_24_08_05_3,13.25
PRL_24_08_05_4,20.24
PRL_24_08_05_5,15.67
PRL_24_08_05_6,14.06
PRL_24_08_06_1,7.35
PRL_24_08_06_2,12.72
PRL_24_08_06_3,13.5
PRL_24_08_06_4,14.5
PRL_24_08_06_5,14.0
PRL_24_08_06_6,13.52
PRL_24_08_07_1,6.36
PRL_24_08_07_2,12.68
PRL_24_08_07_3,19.0
PRL_24_08_07_4,15.28
PRL_24_08_07_5,17.93
PRL_24_08_07_6,13.42
PRL_24_08_08_1,6.22
PRL_24_08_08_2,12.25
PRL_24_08_08_3,20.58
PRL_24_08_08_4,25.82
PRL_24_08_08_5,15.6
PRL_24_08_08_6,13.64
PRL_24_08_09_1,5.98
PRL_24_08_09_2,11.0
PRL_24_08_09_3,17.17
PRL_24_08_09_4,37.02
PRL_24_08_09_5,16.06
PRL_24_08_09_6,12.5
PRL_24_08_10_1,5.9
PRL_24_08_10_2,11.69
PRL_24_08_10_3,32.81
PRL_24_08_10_4,63.6
PRL_24_08_10_5,25.77
PRL_24_08_10_6,11.42
PRL_24_08_11_1,6.39
PRL_24_08_11_2,10.0
PRL_24_08_11_3,40.93
PRL_24_08_11_4,71.26
PRL_24_08_11_5,26.4
PRL_24_08_11_6,10.76
PRL_24_08_12_1,7.59
PRL_24_08_12_2,10.0
PRL_24_08_12_3,22.36
PRL_24_08_12_4,41.74
PRL_24_08_12_5,19.88
PRL_24_08_12_6,13.8
PRL_24_08_13_1,7.19
PRL_24_08_13_2,12.65
PRL_24_08_13_3,26.09
PRL_24_08_13_4,40.1
PRL_24_08_13_5,19.11
PRL_24_08_13_6,13.99
PRL_24_08_14_1,8.01
PRL_24_08_14_2,14.41
PRL_24_08_14_3,20.0
PRL_24_08_14_4,28.18
PRL_24_08_14_5,18.03
PRL_24_08_14_6,13.64
PRL_24_08_15_1,7.05
PRL_24_08_15_2,12.75
PRL_24_08_15_3,25.0
PRL_24_08_15_4,49.85
PRL_24_08_15_5,17.7
PRL_24_08_15_6,12.96
PRL_24_08_16_1,7.29
PRL_24_08_16_2,13.9
PRL_24_08_16_3,19.75
PRL_24_08_16_4,28.52
PRL_24_08_16_5,17.19
PRL_24_08_16_6,17.58
PRL_24_08_17_1,7.48
PRL_24_08_17_2,10.34
PRL_24_08_17_3,21.72
PRL_24_08_17_4,45.8
PRL_24_08_17_5,16.22
PRL_24_08_17_6,13.32
PRL_24_08_18_1,6.74
PRL_24_08_18_2,8.75
PRL_24_08_18_3,21.82
PRL_24_08_18_4,45.94
PRL_24_08_18_5,17.09
PRL_24_08_18_6,11.75
PRL_24_08_19_1,7.52
PRL_24_08_19_2,13.0
PRL_24_08_19_3,18.5
PRL_24_08_19_4,34.25
PRL_24_08_19_5,20.23
PRL_24_08_19_6,21.0
PRL_24_08_20_1,8.0
PRL_24_08_20_2,14.88
PRL_24_08_20_3,27.94
PRL_24_08_20_4,42.42
PRL_24_08_20_5,23.38
PRL_24_08_20_6,17.31
PRL_24_08_21_1,7.04
PRL_24_08_21_2,14.74
PRL_24_08_21_3,47.62
PRL_24_08_21_4,67.46
PRL_24_08_21_5,25.86
PRL_24_08_21_6,13.94
PRL_24_08_22_1,8.0
PRL_24_08_22_2,13.0
PRL_24_08_22_3,36.14
PRL_24_08_22_4,63.78
PRL_24_08_22_5,26.98
PRL_24_08_22_6,13.48
PRL_24_08_23_1,7.75
PRL_24_08_23_2,13.8
PRL_24_08_23_3,42.5
PRL_24_08_23_4,67.05
PRL_24_08_23_5,25.0
PRL_24_08_23_6,15.67
PRL_24_08_24_1,7.0
PRL_24_08_24_2,11.44
PRL_24_08_24_3,51.52
PRL_24_08_24_4,65.59
PRL_24_08_24_5,31.9
PRL_24_08_24_6,11.12
PRL_24_08_25_1,11.55
PRL_24_08_25_2,15.03
PRL_24_08_25_3,52.95
PRL_24_08_25_4,81.11
PRL_24_08_25_5,31.78
PRL_24_08_25_6,10.0
PRL_24_08_26_1,9.16
PRL_24_08_26_2,14.89
PRL_24_08_26_3,23.0
PRL_24_08_26_4,40.27
PRL_24_08_26_5,21.05
PRL_24_08_26_6,14.22
PRL_24_08_27_1,8.86
PRL_24_08_27_2,14.96
PRL_24_08_27_3,22.5
PRL_24_08_27_4,38.75
PRL_24_08_27_5,20.24
PRL_24_08_27_6,14.0
PRL_24_08_28_1,9.94
PRL_24_08_28_2,14.89
PRL_24_08_28_3,22.7
PRL_24_08_28_4,39.0
PRL_24_08_28_5,19.34
PRL_24_08_28_6,13.39
PRL_24_08_29_1,8.45
PRL_24_08_29_2,14.86
PRL_24_08_29_3,23.44
PRL_24_08_29_4,30.15
PRL_24_08_29_5,28.3
PRL_24_08_29_6,27.08
PRL_24_08_30_1,7.5
PRL_24_08_30_2,13.43
PRL_24_08_30_3,20.18
PRL_24_08_30_4,26.46
PRL_24_08_30_5,21.43
PRL_24_08_30_6,18.75
PRL_24_08_31_1,7.23
PRL_24_08_31_2,14.31
PRL_24_08_31_3,23.75
PRL_24_08_31_4,49.78
PRL_24_08_31_5,21.99
PRL_24_08_31_6,10.0
PRL_24_09_01_1,7.37
PRL_24_09_01_2,11.5
PRL_24_09_01_3,33.86
PRL_24_09_01_4,48.42
PRL_24_09_01_5,16.94
PRL_24_09_01_6,8.0
PRL_24_09_02_1,7.5
PRL_24_09_02_2,11.06
PRL_24_09_02_3,20.66
PRL_24_09_02_4,22.69
PRL_24_09_02_5,14.52
PRL_24_09_02_6,9.0
PRL_24_09_03_1,8.03
PRL_24_09_03_2,14.38
PRL_24_09_03_3,19.18
PRL_24_09_03_4,20.0
PRL_24_09_03_5,22.25
PRL_24_09_03_6,16.41
PRL_24_09_04_1,7.62
PRL_24_09_04_2,14.57
PRL_24_09_04_3,23.66
PRL_24_09_04_4,26.03
PRL_24_09_04_5,27.11
PRL_24_09_04_6,22.94
PRL_24_09_05_1,8.87
PRL_24_09_05_2,17.32
PRL_24_09_05_3,20.87
PRL_24_09_05_4,36.36
PRL_24_09_05_5,19.8
PRL_24_09_05_6,14.0
PRL_24_09_06_1,9.72
PRL_24_09_06_2,14.5
PRL_24_09_06_3,19.5
PRL_24_09_06_4,29.29
PRL_24_09_06_5,18.75
PRL_24_09_06_6,14.13
PRL_24_09_07_1,6.25
PRL_24_09_07_2,7.25
PRL_24_09_07_3,21.06
PRL_24_09_07_4,37.5
PRL_24_09_07_5,16.0
PRL_24_09_07_6,10.0
PRL_24_09_08_1,5.88
PRL_24_09_08_2,6.68
PRL_24_09_08_3,28.57
PRL_24_09_08_4,46.25
PRL_24_09_08_5,20.0
PRL_24_09_08_6,6.85
PRL_24_09_09_1,7.56
PRL_24_09_09_2,10.12
PRL_24_09_09_3,17.94
PRL_24_09_09_4,14.0
PRL_24_09_09_5,13.8
PRL_24_09_09_6,12.0
PRL_24_09_10_1,7.44
PRL_24_09_10_2,11.0
PRL_24_09_10_3,23.8
PRL_24_09_10_4,44.8
PRL_24_09_10_5,23.26
PRL_24_09_10_6,11.75
PRL_24_09_11_1,10.08
PRL_24_09_11_2,13.8
PRL_24_09_11_3,19.5
PRL_24_09_11_4,24.0
PRL_24_09_11_5,19.24
PRL_24_09_11_6,11.5
PRL_24_09_12_1,7.3
PRL_24_09_12_2,10.12
PRL_24_09_12_3,20.0
PRL_24_09_12_4,24.35
PRL_24_09_12_5,20.0
PRL_24_09_12_6,12.16
PRL_24_09_13_1,13.13
PRL_24_09_13_2,14.4
PRL_24_09_13_3,20.46
PRL_24_09_13_4,37.79
PRL_24_09_13_5,20.0
PRL_24_09_13_6,16.12
PRL_24_09_14_1,10.5
PRL_24_09_14_2,15.03
PRL_24_09_14_3,28.04
PRL_24_09_14_4,43.67
PRL_24_09_14_5,23.78
PRL_24_09_14_6,11.5
PRL_24_09_15_1,8.5
PRL_24_09_15_2,11.5
PRL_24_09_15_3,28.44
PRL_24_09_15_4,55.06
PRL_24_09_15_5,27.5
PRL_24_09_15_6,9.58
PRL_24_09_16_1,9.0
PRL_24_09_16_2,12.86
PRL_24_09_16_3,18.04
PRL_24_09_16_4,20.4
PRL_24_09_16_5,20.0
PRL_24_09_16_6,17.6
PRL_24_09_17_1,11.7
PRL_24_09_17_2,14.48
PRL_24_09_17_3,15.28
PRL_24_09_17_4,28.66
PRL_24_09_17_5,17.8
PRL_24_09_17_6,12.3
PRL_24_09_18_1,12.11
PRL_24_09_18_2,15.42
PRL_24_09_18_3,16.73
PRL_24_09_18_4,37.79
PRL_24_09_18_5,20.14
PRL_24_09_18_6,11.42
PRL_24_09_19_1,10.5
PRL_24_09_19_2,14.0
PRL_24_09_19_3,20.42
PRL_24_09_19_4,35.93
PRL_24_09_19_5,17.5
PRL_24_09_19_6,12.72
PRL_24_09_20_1,11.42
PRL_24_09_20_2,16.48
PRL_24_09_20_3,31.0
PRL_24_09_20_4,60.18
PRL_24_09_20_5,20.22
PRL_24_09_20_6,12.07
PRL_24_09_21_1,9.68
PRL_24_09_21_2,12.97
PRL_24_09_21_3,28.0
PRL_24_09_21_4,59.38
PRL_24_09_21_5,20.53
PRL_24_09_21_6,10.02
PRL_24_09_22_1,10.2
PRL_24_09_22_2,12.8
PRL_24_09_22_3,34.54
PRL_24_09_22_4,61.43
PRL_24_09_22_5,21.0
PRL_24_09_22_6,11.56
PRL_24_09_23_1,10.44
PRL_24_09_23_2,13.55
PRL_24_09_23_3,22.17
PRL_24_09_23_4,30.6
PRL_24_09_23_5,23.83
PRL_24_09_23_6,14.92
PRL_24_09_24_1,9.36
PRL_24_09_24_2,13.27
PRL_24_09_24_3,20.0
PRL_24_09_24_4,30.85
PRL_24_09_24_5,18.0
PRL_24_09_24_6,12.75
PRL_24_09_25_1,10.5
PRL_24_09_25_2,14.36
PRL_24_09_25_3,20.95
PRL_24_09_25_4,30.6
PRL_24_09_25_5,18.97
PRL_24_09_25_6,14.1
PRL_24_09_26_1,9.74
PRL_24_09_26_2,16.26
PRL_24_09_26_3,22.4
PRL_24_09_26_4,29.92
PRL_24_09_26_5,18.01
PRL_24_09_26_6,16.0
PRL_24_09_27_1,17.25
PRL_24_09_27_2,17.5
PRL_24_09_27_3,27.21
PRL_24_09_27_4,41.86
PRL_24_09_27_5,23.19
PRL_24_09_27_6,15.47
PRL_24_09_28_1,18.07
PRL_24_09_28_2,18.78
PRL_24_09_28_3,33.3
PRL_24_09_28_4,64.0
PRL_24_09_28_5,27.92
PRL_24_09_28_6,13.75
PRL_24_09_29_1,10.58
PRL_24_09_29_2,14.0
PRL_24_09_29_3,30.92
PRL_24_09_29_4,58.26
PRL_24_09_29_5,23.0
PRL_24_09_29_6,13.41
PRL_24_09_30_1,12.99
PRL_24_09_30_2,13.76
PRL_24_09_30_3,24.0
PRL_24_09_30_4,34.75
PRL_24_09_30_5,13.9
PRL_24_09_30_6,13.2
PRL_24_10_01_1,15.36
PRL_24_10_01_2,15.1
PRL_24_10_01_3,27.73
PRL_24_10_01_4,33.5
PRL_24_10_01_5,17.76
PRL_24_10_01_6,14.0
PRL_24_10_02_1,17.28
PRL_24_10_02_2,16.55
PRL_24_10_02_3,18.22
PRL_24_10_02_4,28.13
PRL_24_10_02_5,13.0
PRL_24_10_02_6,10.83
PRL_24_10_03_1,10.17
PRL_24_10_03_2,9.88
PRL_24_10_03_3,15.45
PRL_24_10_03_4,22.6
PRL_24_10_03_5,14.9
PRL_24_10_03_6,9.0
PRL_24_10_04_1,11.46
PRL_24_10_04_2,14.19
PRL_24_10_04_3,13.74
PRL_24_10_04_4,27.5
PRL_24_10_04_5,18.1
PRL_24_10_04_6,10.0
PRL_24_10_05_1,9.87
PRL_24_10_05_2,13.23
PRL_24_10_05_3,20.04
PRL_24_10_05_4,25.87
PRL_24_10_05_5,17.25
PRL_24_10_05_6,10.88
PRL_24_10_06_1,10.28
PRL_24_10_06_2,12.22
PRL_24_10_06_3,22.45
PRL_24_10_06_4,30.79
PRL_24_10_06_5,20.55
PRL_24_10_06_6,13.36
PRL_24_10_07_1,9.54
PRL_24_10_07_2,10.0
PRL_24_10_07_3,18.08
PRL_24_10_07_4,22.0
PRL_24_10_07_5,14.0
PRL_24_10_07_6,8.75
PRL_24_10_08_1,8.35
PRL_24_10_08_2,11.25
PRL_24_10_08_3,12.0
PRL_24_10_08_4,30.0
PRL_24_10_08_5,14.75
PRL_24_10_08_6,10.0
PRL_24_10_09_1,6.75
PRL_24_10_09_2,8.5
PRL_24_10_09_3,8.75
PRL_24_10_09_4,21.0
PRL_24_10_09_5,11.5
PRL_24_10_09_6,7.0
PRL_24_10_10_1,8.0
PRL_24_10_10_2,11.05
PRL_24_10_10_3,12.65
PRL_24_10_10_4,22.12
PRL_24_10_10_5,20.37
PRL_24_10_10_6,9.0
PRL_24_10_11_1,6.55
PRL_24_10_11_2,10.0
PRL_24_10_11_3,15.6
PRL_24_10_11_4,25.58
PRL_24_10_11_5,20.29
PRL_24_10_11_6,9.58
PRL_24_10_12_1,8.0
PRL_24_10_12_2,10.0
PRL_24_10_12_3,19.58
PRL_24_10_12_4,27.38
PRL_24_10_12_5,25.55
PRL_24_10_12_6,10.34
PRL_24_10_13_1,8.67
PRL_24_10_13_2,11.12
PRL_24_10_13_3,23.59
PRL_24_10_13_4,34.5
PRL_24_10_13_5,24.64
PRL_24_10_13_6,10.0
PRL_24_10_14_1,12.0
PRL_24_10_14_2,14.05
PRL_24_10_14_3,10.0
PRL_24_10_14_4,21.29
PRL_24_10_14_5,17.0
PRL_24_10_14_6,10.41
PRL_24_10_15_1,6.7
PRL_24_10_15_2,17.45
PRL_24_10_15_3,14.0
PRL_24_10_15_4,19.73
PRL_24_10_15_5,24.09
PRL_24_10_15_6,12.0
PRL_24_10_16_1,18.4
PRL_24_10_16_2,20.51
PRL_24_10_16_3,27.46
PRL_24_10_16_4,42.26
PRL_24_10_16_5,27.75
PRL_24_10_16_6,14.55
PRL_24_10_17_1,11.42
PRL_24_10_17_2,15.89
PRL_24_10_17_3,19.5
PRL_24_10_17_4,21.5
PRL_24_10_17_5,14.16
PRL_24_10_17_6,9.7
PRL_24_10_18_1,7.5
PRL_24_10_18_2,12.62
PRL_24_10_18_3,16.0
PRL_24_10_18_4,12.45
PRL_24_10_18_5,12.96
PRL_24_10_18_6,7.5
PRL_24_10_19_1,6.25
PRL_24_10_19_2,8.0
PRL_24_10_19_3,13.0
PRL_24_10_19_4,18.91
PRL_24_10_19_5,14.0
PRL_24_10_19_6,7.5
PRL_24_10_20_1,8.32
PRL_24_10_20_2,9.08
PRL_24_10_20_3,17.32
PRL_24_10_20_4,32.7
PRL_24_10_20_5,13.9
PRL_24_10_20_6,9.64
PRL_24_10_21_1,12.38
PRL_24_10_21_2,13.0
PRL_24_10_21_3,17.01
PRL_24_10_21_4,13.9
PRL_24_10_21_5,18.65
PRL_24_10_21_6,9.62
PRL_24_10_22_1,9.5
PRL_24_10_22_2,12.55
PRL_24_10_22_3,12.3
PRL_24_10_22_4,13.5
PRL_24_10_22_5,18.5
PRL_24_10_22_6,9.38
PRL_24_10_23_1,6.55
PRL_24_10_23_2,12.0
PRL_24_10_23_3,11.5
PRL_24_10_23_4,12.23
PRL_24_10_23_5,22.0
PRL_24_10_23_6,7.92
PRL_24_10_24_1,5.38
PRL_24_10_24_2,11.5
PRL_24_10_24_3,10.0
PRL_24_10_24_4,14.1
PRL_24_10_24_5,9.79
PRL_24_10_25_1,5.83
PRL_24_10_25_2,15.0
PRL_24_10_25_3,15.22
PRL_24_10_25_4,13.8
PRL_24_10_25_5,21.82
PRL_24_10_25_6,8.4
PRL_24_10_26_1,5.0
PRL_24_10_26_2,11.35
PRL_24_10_26_3,11.25
PRL_24_10_26_4,10.2
PRL_24_10_26_5,14.2
PRL_24_10_26_6,7.22
PRL_24_10_27_1,3.86
PRL_24_10_27_2,8.05
PRL_24_10_27_3,15.0
PRL_24_10_27_4,15.02
PRL_24_10_27_5,16.18
PRL_24_10_27_6,6.5
PRL_24_10_28_1,7.83
PRL_24_10_28_2,10.2
PRL_24_10_28_3,12.16
PRL_24_10_28_4,10.35
PRL_24_10_28_5,19.12
PRL_24_10_28_6,7.5
PRL_24_10_29_1,5.0
PRL_24_10_29_2,8.88
PRL_24_10_29_3,10.62
PRL_24_10_29_4,8.5
PRL_24_10_29_5,22.98
PRL_24_10_29_6,7.38
PRL_24_10_30_1,5.0
PRL_24_10_30_2,7.65
PRL_24_10_30_3,8.2
PRL_24_10_30_4,7.25
PRL_24_10_30_5,14.0
PRL_24_10_30_6,6.25
PRL_24_10_31_1,5.0
PRL_24_10_31_2,6.19
PRL_24_10_31_3,6.7
PRL_24_10_31_4,7.25
PRL_24_10_31_5,7.69
PRL_24_10_31_6,6.25
PRL_24_11_01_1,6.0
PRL_24_11_01_2,8.89
PRL_24_11_01_3,10.0
PRL_24_11_01_4,11.4
PRL_24_11_01_5,5.98
PRL_24_11_02_1,6.25
PRL_24_11_02_2,7.75
PRL_24_11_02_3,7.5
PRL_24_11_02_4,8.5
PRL_24_11_02_5,10.5
PRL_24_11_02_6,7.58
PRL_24_11_03_1,4.95
PRL_24_11_03_2,4.68
PRL_24_11_03_3,11.18
PRL_24_11_03_4,13.6
PRL_24_11_03_5,10.35
PRL_24_11_03_6,4.78
PRL_24_11_04_1,5.98
PRL_24_11_04_2,6.5
PRL_24_11_04_3,8.28
PRL_24_11_04_4,11.4
PRL_24_11_04_5,18.75
PRL_24_11_04_6,5.75
PRL_24_11_05_1,6.0
PRL_24_11_05_2,9.97
PRL_24_11_05_3,12.84
PRL_24_11_05_4,14.0
PRL_24_11_05_5,34.52
PRL_24_11_05_6,4.6
PRL_24_11_06_1,4.72
PRL_24_11_06_2,10.46
PRL_24_11_06_3,15.0
PRL_24_11_06_4,14.84
PRL_24_11_06_5,35.0
PRL_24_11_06_6,8.8
PRL_24_11_07_1,4.97
PRL_24_11_07_2,13.38
PRL_24_11_07_3,19.44
PRL_24_11_07_4,15.0
PRL_24_11_07_5,41.79
PRL_24_11_07_6,8.7
PRL_24_11_08_1,6.59
PRL_24_11_08_2,14.68
PRL_24_11_08_3,12.9
PRL_24_11_08_4,13.68
PRL_24_11_08_5,22.85
PRL_24_11_08_6,10.12
PRL_24_11_09_1,5.0
PRL_24_11_09_2,12.1
PRL_24_11_09_3,11.88
PRL_24_11_09_4,11.91
PRL_24_11_09_5,16.7
PRL_24_11_09_6,7.3
PRL_24_11_10_1,7.35
PRL_24_11_10_2,13.8
PRL_24_11_10_3,13.9
PRL_24_11_10_4,13.5
PRL_24_11_10_5,10.0
PRL_24_11_10_6,7.15
PRL_24_11_11_1,15.0
PRL_24_11_11_2,17.52
PRL_24_11_11_3,11.25
PRL_24_11_11_4,11.83
PRL_24_11_11_5,14.42
PRL_24_11_11_6,12.28
PRL_24_11_12_1,7.92
PRL_24_11_12_2,18.12
PRL_24_11_12_3,12.52
PRL_24_11_12_4,11.5
PRL_24_11_12_5,18.11
PRL_24_11_12_6,9.62
PRL_24_11_13_1,10.0
PRL_24_11_13_2,14.72
PRL_24_11_13_3,14.08
PRL_24_11_13_4,12.68
PRL_24_11_13_5,42.72
PRL_24_11_13_6,9.92
PRL_24_11_14_1,7.51
PRL_24_11_14_2,11.31
PRL_24_11_14_3,17.31
PRL_24_11_14_4,8.56
PRL_24_11_14_5,42.5
PRL_24_11_14_6,7.29
PRL_24_11_15_1,6.05
PRL_24_11_15_2,9.5
PRL_24_11_15_3,13.68
PRL_24_11_15_4,7.26
PRL_24_11_15_5,26.77
PRL_24_11_15_6,7.23
PRL_24_11_16_1,5.53
PRL_24_11_16_2,7.5
PRL_24_11_16_3,8.61
PRL_24_11_16_4,8.76
PRL_24_11_16_5,9.68
PRL_24_11_16_6,6.75
PRL_24_11_17_1,5.51
PRL_24_11_17_2,5.25
PRL_24_11_17_3,17.92
PRL_24_11_17_4,9.86
PRL_24_11_17_5,9.75
PRL_24_11_17_6,10.0
PRL_24_11_18_1,11.12
PRL_24_11_18_2,18.2
PRL_24_11_18_3,8.94
PRL_24_11_18_4,9.3
PRL_24_11_18_5,15.0
PRL_24_11_18_6,9.16
PRL_24_11_19_1,10.0
PRL_24_11_19_2,9.03
PRL_24_11_19_3,13.8
PRL_24_11_19_4,12.59
PRL_24_11_19_5,10.18
PRL_24_11_19_6,9.84
PRL_24_11_20_1,8.79
PRL_24_11_20_2,17.16
PRL_24_11_20_3,10.19
PRL_24_11_20_4,10.89
PRL_24_11_20_5,18.7
PRL_24_11_20_6,8.87
PRL_24_11_21_1,12.87
PRL_24_11_21_2,16.25
PRL_24_11_21_3,9.34
PRL_24_11_21_4,9.5
PRL_24_11_21_5,15.0
PRL_24_11_21_6,6.0
PRL_24_11_22_1,11.06
PRL_24_11_22_2,14.54
PRL_24_11_22_3,9.5
PRL_24_11_22_4,10.0
PRL_24_11_22_5,12.5
PRL_24_11_22_6,5.32
PRL_24_11_23_1,9.43
PRL_24_11_23_2,13.5
PRL_24_11_23_3,11.31
PRL_24_11_23_4,11.63
PRL_24_11_23_5,10.62
PRL_24_11_23_6,9.3
PRL_24_11_24_1,10.81
PRL_24_11_24_2,8.1
PRL_24_11_24_3,9.6
PRL_24_11_24_4,8.69
PRL_24_11_24_5,10.74
PRL_24_11_24_6,8.66
PRL_24_11_25_1,13.87
PRL_24_11_25_2,18.15
PRL_24_11_25_3,24.6
PRL_24_11_25_4,15.99
PRL_24_11_25_5,18.1
PRL_24_11_25_6,17.5
PRL_24_11_26_1,13.74
PRL_24_11_26_2,16.49
PRL_24_11_26_3,9.27
PRL_24_11_26_4,10.75
PRL_24_11_26_5,12.19
PRL_24_11_26_6,10.0
PRL_24_11_27_1,10.5
PRL_24_11_27_2,17.72
PRL_24_11_27_3,22.61
PRL_24_11_27_4,8.48
PRL_24_11_27_5,16.0
PRL_24_11_27_6,12.87
PRL_24_11_28_1,12.36
PRL_24_11_28_2,17.98
PRL_24_11_28_3,13.9
PRL_24_11_28_4,10.0
PRL_24_11_28_5,19.06
PRL_24_11_28_6,10.79
PRL_24_11_29_1,22.86
PRL_24_11_29_2,24.1
PRL_24_11_29_3,15.68
PRL_24_11_29_4,11.5
PRL_24_11_29_5,18.48
PRL_24_11_29_6,10.66
PRL_24_11_30_1,16.68
PRL_24_11_30_2,18.1
PRL_24_11_30_3,20.71
PRL_24_11_30_4,17.51
PRL_24_11_30_5,8.98
PRL_24_11_30_6,10.21
PRL_24_12_01_1,12.73
PRL_24_12_01_2,15.9
PRL_24_12_01_3,22.6
PRL_24_12_01_4,15.0
PRL_24_12_01_5,14.0
PRL_24_12_01_6,10.79
PRL_24_12_02_1,11.39
PRL_24_12_02_2,28.0
PRL_24_12_02_3,15.25
PRL_24_12_02_4,11.52
PRL_24_12_02_5,17.11
PRL_24_12_02_6,8.5
PRL_24_12_03_1,8.0
PRL_24_12_03_2,11.88
PRL_24_12_03_3,14.18
PRL_24_12_03_4,10.79
PRL_24_12_03_5,20.23
PRL_24_12_03_6,5.0
PRL_24_12_04_1,7.5
PRL_24_12_04_2,12.32
PRL_24_12_04_3,15.48
PRL_24_12_04_4,12.32
PRL_24_12_04_5,29.19
PRL_24_12_04_6,6.62
PRL_24_12_05_1,9.84
PRL_24_12_05_2,17.66
PRL_24_12_05_3,10.24
PRL_24_12_05_4,6.2
PRL_24_12_05_5,10.0
PRL_24_12_05_6,11.5
PRL_24_12_06_1,15.51
PRL_24_12_06_2,17.55
PRL_24_12_06_3,7.98
PRL_24_12_06_4,9.7
PRL_24_12_06_5,10.0
PRL_24_12_07_1,8.0
PRL_24_12_07_2,6.08
PRL_24_12_07_3,6.9
PRL_24_12_07_4,6.6
PRL_24_12_07_5,8.3
PRL_24_12_08_1,8.28
PRL_24_12_08_2,7.5
PRL_24_12_08_3,8.0
PRL_24_12_08_4,8.6
PRL_24_12_08_5,6.19
PRL_24_12_08_6,8.0
PRL_24_12_09_1,12.2
PRL_24_12_09_2,15.75
PRL_24_12_09_3,6.82
PRL_24_12_09_4,10.42
PRL_24_12_09_5,8.25
PRL_24_12_09_6,10.0
PRL_24_12_10_1,10.08
PRL_24_12_10_2,15.96
PRL_24_12_10_3,6.15
PRL_24_12_10_4,7.6
PRL_24_12_10_5,14.49
PRL_24_12_10_6,5.03
PRL_24_12_11_1,7.1
PRL_24_12_11_2,15.18
PRL_24_12_11_3,13.0
PRL_24_12_11_4,11.23
PRL_24_12_11_5,20.31
PRL_24_12_11_6,8.92
PRL_24_12_12_1,7.1
PRL_24_12_12_2,19.99
PRL_24_12_12_3,21.9
PRL_24_12_12_4,22.23
PRL_24_12_12_5,38.27
PRL_24_12_12_6,13.29
PRL_24_12_13_1,8.78
PRL_24_12_13_2,25.0
PRL_24_12_13_3,28.0
PRL_24_12_13_4,23.6
PRL_24_12_13_5,50.0
PRL_24_12_13_6,10.72
PRL_24_12_14_1,4.94
PRL_24_12_14_2,7.2
PRL_24_12_14_3,6.56
PRL_24_12_14_4,9.28
PRL_24_12_14_5,6.57
PRL_24_12_14_6,6.48
PRL_24_12_15_1,8.35
PRL_24_12_15_2,12.0
PRL_24_12_15_3,13.8
PRL_24_12_15_4,9.92
PRL_24_12_15_5,8.53
PRL_24_12_15_6,10.0
PRL_24_12_16_1,15.32
PRL_24_12_16_2,18.95
PRL_24_12_16_3,9.25
PRL_24_12_16_4,9.68
PRL_24_12_16_5,14.76
PRL_24_12_16_6,7.61
PRL_24_12_17_1,16.1
PRL_24_12_17_2,12.5
PRL_24_12_17_3,9.96
PRL_24_12_17_4,7.85
PRL_24_12_17_5,11.4
PRL_24_12_17_6,6.2
PRL_24_12_18_1,14.08
PRL_24_12_18_2,12.18
PRL_24_12_18_3,13.25
PRL_24_12_18_4,10.42
PRL_24_12_18_5,18.85
PRL_24_12_18_6,10.1
PRL_24_12_19_1,11.41
PRL_24_12_19_2,14.28
PRL_24_12_19_3,10.3
PRL_24_12_19_4,9.02
PRL_24_12_19_5,12.19
PRL_24_12_19_6,10.94
PRL_24_12_20_1,21.25
PRL_24_12_20_2,21.42
PRL_24_12_20_3,8.26
PRL_24_12_20_4,9.0
PRL_24_12_20_5,13.9
PRL_24_12_20_6,13.5
PRL_24_12_21_1,25.25
PRL_24_12_21_2,14.88
PRL_24_12_21_3,9.5
PRL_24_12_21_4,10.33
PRL_24_12_21_5,10.36
PRL_24_12_21_6,10.05
PRL_24_12_22_1,29.25
PRL_24_12_22_2,21.25
PRL_24_12_22_3,11.45
PRL_24_12_22_4,10.43
PRL_24_12_22_5,13.34
PRL_24_12_22_6,14.22
PRL_24_12_23_1,23.42
PRL_24_12_23_2,17.5
PRL_24_12_23_3,10.0
PRL_24_12_23_4,11.11
PRL_24_12_23_5,9.02
PRL_24_12_23_6,8.98
PRL_24_12_24_1,23.66
PRL_24_12_24_2,17.59
PRL_24_12_24_3,8.0
PRL_24_12_24_4,8.6
PRL_24_12_24_5,7.75
PRL_24_12_24_6,9.99
PRL_24_12_25_1,16.3
PRL_24_12_25_2,9.85
PRL_24_12_25_3,11.25
PRL_24_12_25_4,12.5
PRL_24_12_25_5,11.71
PRL_24_12_25_6,7.79
PRL_24_12_26_1,11.72
PRL_24_12_26_2,15.88
PRL_24_12_26_3,6.75
PRL_24_12_26_4,7.75
PRL_24_12_26_5,7.62
PRL_24_12_26_6,6.62
PRL_24_12_27_1,8.29
PRL_24_12_27_2,8.34
PRL_24_12_27_3,5.62
PRL_24_12_27_4,7.81
PRL_24_12_27_5,8.9
PRL_24_12_27_6,6.16
PRL_24_12_28_1,4.9
PRL_24_12_28_2,7.79
PRL_24_12_28_3,4.6
PRL_24_12_28_4,6.78
PRL_24_12_28_5,9.29
PRL_24_12_28_6,4.6
PRL_24_12_29_1,6.98
PRL_24_12_29_2,12.0
PRL_24_12_29_3,12.3
PRL_24_12_29_4,6.97
PRL_24_12_29_5,8.25
PRL_24_12_29_6,8.64
PRL_24_12_30_1,9.35
PRL_24_12_30_2,13.93
PRL_24_12_30_3,4.56
PRL_24_12_30_4,4.3
PRL_24_12_30_5,7.42
PRL_24_12_30_6,6.25
PRL_24_12_31_1,18.46
PRL_24_12_31_2,26.63
PRL_24_12_31_3,6.0
PRL_24_12_31_4,26.72
PRL_24_12_31_5,11.72
PRL_24_12_31_6,23.08
