Date;NEG;POS
31.12.2012;4008;395
07.01.2013;2847;411
14.01.2013;2607;475
21.01.2013;2276;516
28.01.2013;1942;606
04.02.2013;1760;679
11.02.2013;1736;740
18.02.2013;1637;748
25.02.2013;1457;696
04.03.2013;1285;550
11.03.2013;1291;417
18.03.2013;1343;348
25.03.2013;1606;508
01.04.2013;1804;738
08.04.2013;1857;851
15.04.2013;3058;1014
22.04.2013;2651;1253
29.04.2013;2643;1370
06.05.2013;2594;1375
13.05.2013;2341;1299
20.05.2013;2235;1231
27.05.2013;2057;1178
03.06.2013;1814;1123
10.06.2013;1642;1071
17.06.2013;1608;991
24.06.2013;1592;997
01.07.2013;1551;1166
08.07.2013;1568;1350
15.07.2013;1827;1529
22.07.2013;1670;1640
29.07.2013;1659;1671
05.08.2013;1763;1746
12.08.2013;1843;1864
19.08.2013;1855;1839
26.08.2013;1809;1756
02.09.2013;1971;1575
09.09.2013;1920;1375
16.09.2013;1889;1283
23.09.2013;1928;1544
30.09.2013;1857;1731
07.10.2013;1680;1835
14.10.2013;1648;1923
21.10.2013;1707;1976
28.10.2013;1834;2011
04.11.2013;1832;2015
11.11.2013;1765;1970
18.11.2013;1608;1890
25.11.2013;1464;1820
02.12.2013;1307;1744
09.12.2013;1185;1580
16.12.2013;1030;1433
23.12.2013;4118;2302
30.12.2013;5844;2670
06.01.2014;1573;1690
13.01.2014;1387;1465
20.01.2014;1199;1291
27.01.2014;1099;1316
03.02.2014;1008;1301
10.02.2014;915;1273
17.02.2014;822;1204
24.02.2014;740;1128
03.03.2014;666;1037
10.03.2014;583;988
17.03.2014;490;930
24.03.2014;465;1040
31.03.2014;605;1372
07.04.2014;723;1590
14.04.2014;867;1544
21.04.2014;976;1452
28.04.2014;863;1284
05.05.2014;694;1086
12.05.2014;613;1025
19.05.2014;646;1257
26.05.2014;683;1377
02.06.2014;609;1312
09.06.2014;554;1171
16.06.2014;451;1124
23.06.2014;367;1307
30.06.2014;280;1303
07.07.2014;280;1152
14.07.2014;347;1109
21.07.2014;439;949
28.07.2014;427;911
04.08.2014;431;904
11.08.2014;370;833
18.08.2014;300;761
25.08.2014;277;855
01.09.2014;256;963
08.09.2014;256;938
15.09.2014;212;828
22.09.2014;196;708
29.09.2014;181;640
06.10.2014;188;735
13.10.2014;341;1062
20.10.2014;991;1473
27.10.2014;1056;1647
03.11.2014;1279;1624
10.11.2014;1034;1415
17.11.2014;926;1544
24.11.2014;810;1591
01.12.2014;679;1355
08.12.2014;529;1380
15.12.2014;511;1588
22.12.2014;4966;2918
29.12.2014;4857;2753
05.01.2015;1142;1868
12.01.2015;927;1464
19.01.2015;693;1101
26.01.2015;574;1011
02.02.2015;419;991
09.02.2015;346;936
16.02.2015;272;881
23.02.2015;260;873
02.03.2015;273;830
09.03.2015;306;763
16.03.2015;373;922
23.03.2015;394;854
30.03.2015;526;929
06.04.2015;547;866
13.04.2015;500;739
20.04.2015;397;785
27.04.2015;305;952
04.05.2015;233;1054
11.05.2015;129;1021
18.05.2015;81;855
25.05.2015;54;643
01.06.2015;52;631
08.06.2015;101;800
15.06.2015;163;930
22.06.2015;238;965
29.06.2015;254;909
06.07.2015;227;798
13.07.2015;193;725
20.07.2015;202;772
27.07.2015;321;1092
03.08.2015;470;1234
10.08.2015;564;1168
17.08.2015;533;933
24.08.2015;423;838
31.08.2015;340;964
07.09.2015;322;931
14.09.2015;301;809
21.09.2015;276;755
28.09.2015;242;793
05.10.2015;212;862
12.10.2015;175;932
19.10.2015;144;1048
26.10.2015;126;1054
02.11.2015;109;1013
09.11.2015;102;1064
16.11.2015;167;1012
23.11.2015;176;872
30.11.2015;139;846
07.12.2015;107;749
14.12.2015;71;635
21.12.2015;2195;1625
28.12.2015;1880;1418
04.01.2016;396;845
11.01.2016;168;623
18.01.2016;73;528
25.01.2016;46;547
01.02.2016;38;515
08.02.2016;42;472
15.02.2016;30;493
22.02.2016;23;477
29.02.2016;23;467
07.03.2016;20;439
14.03.2016;16;404
21.03.2016;12;379
28.03.2016;15;401
04.04.2016;16;385
11.04.2016;15;483
18.04.2016;18;613
25.04.2016;20;740
02.05.2016;23;704
09.05.2016;19;815
16.05.2016;218;1215
23.05.2016;279;1227
30.05.2016;287;1116
06.06.2016;222;830
13.06.2016;189;740
20.06.2016;260;1038
27.06.2016;264;1021
04.07.2016;202;825
11.07.2016;163;735
18.07.2016;124;687
25.07.2016;87;699
01.08.2016;75;960
08.08.2016;92;981
15.08.2016;101;740
22.08.2016;97;636
29.08.2016;88;606
05.09.2016;84;564
12.09.2016;77;534
19.09.2016;67;628
26.09.2016;79;686
03.10.2016;90;734
10.10.2016;93;739
17.10.2016;113;818
24.10.2016;93;854
31.10.2016;70;823
07.11.2016;51;799
14.11.2016;42;877
21.11.2016;32;795
28.11.2016;26;719
05.12.2016;24;678
12.12.2016;22;622
19.12.2016;697;949
26.12.2016;1005;740
02.01.2017;282;596
09.01.2017;146;498
16.01.2017;68;497
23.01.2017;37;543
30.01.2017;26;522
06.02.2017;22;475
13.02.2017;25;472
20.02.2017;49;457
27.02.2017;78;425
06.03.2017;87;365
13.03.2017;70;320
20.03.2017;66;277
27.03.2017;86;248
03.04.2017;107;260
10.04.2017;116;335
17.04.2017;146;380
24.04.2017;136;373
01.05.2017;137;379
08.05.2017;145;387
15.05.2017;140;393
22.05.2017;137;380
29.05.2017;136;365
05.06.2017;144;366
12.06.2017;168;348
19.06.2017;191;339
26.06.2017;197;344
03.07.2017;224;366
10.07.2017;231;382
17.07.2017;233;431
24.07.2017;220;459
31.07.2017;199;436
07.08.2017;191;408
14.08.2017;186;389
21.08.2017;174;374
28.08.2017;162;376
04.09.2017;140;351
11.09.2017;126;341
18.09.2017;112;349
25.09.2017;102;352
02.10.2017;92;340
09.10.2017;87;336
16.10.2017;87;372
23.10.2017;93;426
30.10.2017;123;470
06.11.2017;139;501
13.11.2017;113;554
20.11.2017;104;597
27.11.2017;92;596
04.12.2017;81;540
11.12.2017;68;486
18.12.2017;162;490
25.12.2017;613;689
01.01.2018;305;588
08.01.2018;102;484
15.01.2018;59;392
22.01.2018;43;323
29.01.2018;25;261
05.02.2018;14;235
12.02.2018;7;223
19.02.2018;2;225
26.02.2018;0;230
05.03.2018;0;246
12.03.2018;0;232
19.03.2018;0;273
26.03.2018;6;358
02.04.2018;14;400
09.04.2018;7;389
16.04.2018;4;357
23.04.2018;5;302
30.04.2018;10;256
07.05.2018;11;240
14.05.2018;8;220
21.05.2018;5;228
28.05.2018;4;228
04.06.2018;2;253
11.06.2018;1;291
18.06.2018;0;331
25.06.2018;4;329
02.07.2018;14;273
09.07.2018;783.34;953.83
16.07.2018;82.54;132.1
23.07.2018;0.46;39.04
30.07.2018;1.73;51.51
06.08.2018;20.81;1984.17
13.08.2018;0.02;12.54
20.08.2018;1.6;238.44
27.08.2018;9.09;88.67
03.09.2018;1.27;140.47
10.09.2018;3.62;40.88
17.09.2018;7.48;24.22
24.09.2018;26.34;94.69
01.10.2018;17.55;62.28
08.10.2018;2.15;77.12
15.10.2018;717.49;1263.27
22.10.2018;602.81;821.08
29.10.2018;601.35;766.53
05.11.2018;473.75;708.59
12.11.2018;417.63;671.77
19.11.2018;357.7;652.73
26.11.2018;320.31;698.12
03.12.2018;514.24;595.88
10.12.2018;460.62;671.3
17.12.2018;475.7;737.26
24.12.2018;762.69;726.63
31.12.2018;84.78;100.42
07.01.2019;777.97;581.97
14.01.2019;733.15;581.63
21.01.2019;492.01;831.1
28.01.2019;542.49;807.53
04.02.2019;893.96;712.76
11.02.2019;567.94;675.25
18.02.2019;384.03;597.3
25.02.2019;584.45;526.18
04.03.2019;1205.41;509.97
11.03.2019;1233.62;481.48
18.03.2019;600.57;448.55
25.03.2019;364.29;288.16
01.04.2019;340.46;454.45
08.04.2019;314.51;462.23
15.04.2019;445.3;323.98
22.04.2019;1038.61;474.59
29.04.2019;496.78;434.3
06.05.2019;532.39;399.76
13.05.2019;465.94;895.94
20.05.2019;531.68;450.36
27.05.2019;889.96;464.91
03.06.2019;1439.17;572.05
10.06.2019;1317.51;622.53
17.06.2019;761.04;518.42
24.06.2019;1267.39;934.01
01.07.2019;3061.97;5936.74
08.07.2019;1850.82;2280.16
15.07.2019;1362.48;1736.7
22.07.2019;1038.29;1400.78
29.07.2019;261.79;357.39
05.08.2019;414.78;84.78
12.08.2019;314.9;184.73
19.08.2019;117.1;124.41
26.08.2019;40.64;50.47
02.09.2019;7.96;58.56
09.09.2019;71.09;139.63
16.09.2019;49.81;131.57
23.09.2019;381.05;105.37
30.09.2019;324.46;275.58
07.10.2019;280.73;569.88
14.10.2019;196.24;579.03
21.10.2019;299.76;758.22
28.10.2019;165.42;635.51
04.11.2019;138.33;561.19
11.11.2019;57.13;403.39
18.11.2019;37.88;511.74
25.11.2019;127.11;272.84
02.12.2019;367.62;418.62
09.12.2019;738.6;344.64
16.12.2019;319.75;233.06
23.12.2019;482.22;153.7
30.12.2019;425.7;133.14
06.01.2020;242.06;150.15
13.01.2020;266.41;146.24
20.01.2020;46.25;420.79
27.01.2020;364.07;116.14
03.02.2020;464.96;180.85
10.02.2020;1079.04;217.55
17.02.2020;848.45;172.91
24.02.2020;555.67;183.98
02.03.2020;256.7;205.55
09.03.2020;441.51;103.07
16.03.2020;305.94;146.71
23.03.2020;232.12;100.18
30.03.2020;191.71;135.06
06.04.2020;178.32;120.07
13.04.2020;383.66;64.79
20.04.2020;371.97;103.28
27.04.2020;189.89;86.49
04.05.2020;70.27;215.28
11.05.2020;201.16;243.54
18.05.2020;278.23;141.32
25.05.2020;169.67;140.93
01.06.2020;357.4;303.87
08.06.2020;32.56;230.66
15.06.2020;44.61;290.56
22.06.2020;41.61;294.28
29.06.2020;326.55;283.23
06.07.2020;112.4;287.88
13.07.2020;14.85;370.76
20.07.2020;28.81;135.73
27.07.2020;264.29;240.7
03.08.2020;15.74;122.58
10.08.2020;14.23;131.8
17.08.2020;235.61;184.71
24.08.2020;228.03;181.65
31.08.2020;77.96;441.55
07.09.2020;152.34;397.41
14.09.2020;58.17;675.59
21.09.2020;94.32;1039.38
28.09.2020;1685.52;708.06
05.10.2020;592.26;495.31
12.10.2020;245.4;1814.9
19.10.2020;456.48;761.78
26.10.2020;384.62;592.99
02.11.2020;1271.45;1217.42
09.11.2020;441.27;742.93
16.11.2020;816.26;677.12
23.11.2020;345.24;858.61
30.11.2020;236.54;1019.89
07.12.2020;239.64;1221.69
14.12.2020;270.6;597.08
21.12.2020;972.84;422.82
28.12.2020;366.07;306.6
04.01.2021;238.52;455.82
11.01.2021;192.34;482.48
18.01.2021;265.56;332.45
25.01.2021;135.27;381.59
01.02.2021;373.75;776.61
08.02.2021;331.44;1918.7
15.02.2021;375.44;1001.69
22.02.2021;401.64;1051.91
01.03.2021;285.73;1064.29
08.03.2021;1101.48;917.84
15.03.2021;457.12;808.85
22.03.2021;539.52;734.81
29.03.2021;606.16;645.15
05.04.2021;829.28;690
12.04.2021;646.4;2456
19.04.2021;1065.74;1753.18
26.04.2021;1126.25;1909.29
03.05.2021;6190.87;4761
10.05.2021;3179.25;2974.36
17.05.2021;3079.47;2293.25
24.05.2021;3434.76;3020.94
31.05.2021;2390.34;1910.19
07.06.2021;3053.38;2541.71
14.06.2021;1511.77;1943.26
21.06.2021;870.89;1683.76
28.06.2021;516.57;1470.75
05.07.2021;289.64;1130.32
12.07.2021;865.55;1125.44
19.07.2021;791.49;1195.83
26.07.2021;1410.9;1009.08
02.08.2021;1159.93;1018.62
09.08.2021;1103.13;1100
16.08.2021;977.83;896.96
23.08.2021;623.83;931.23
30.08.2021;614.97;877.1
06.09.2021;524.3;1043.55
13.09.2021;802.05;1281.91
20.09.2021;1766.68;1225.24
27.09.2021;3083.68;1662.17
04.10.2021;2468.25;3794.64
11.10.2021;9048.76;13327.81
18.10.2021;11592.47;5279.63
25.10.2021;3343.67;3076.06
01.11.2021;2675.44;2394.59
08.11.2021;1746.61;2361.95
15.11.2021;1470.11;2128.86
22.11.2021;1162.89;2481.77
29.11.2021;1541.63;2256.37
06.12.2021;1440.48;2372.49
13.12.2021;1459.96;2018.2
20.12.2021;1459.84;1787.28
27.12.2021;1941.12;867.64
03.01.2022;1637.04;895.96
10.01.2022;908.72;1200
17.01.2022;1473.24;1201.08
24.01.2022;1554.36;1176.92
31.01.2022;1700.76;1034.48
07.02.2022;1169.8;871
14.02.2022;2038.48;762.96
21.02.2022;1501.84;924.4
28.02.2022;720.56;2252.6
07.03.2022;1862.44;2813.88
14.03.2022;1823.56;1987.36
21.03.2022;1198.2;1646.84
28.03.2022;1020.04;1370.6
04.04.2022;2939.08;1766.2
11.04.2022;1841.56;1886.96
18.04.2022;2317.4;2267.6
25.04.2022;1058.08;2369.52
02.05.2022;763.24;1653.72
09.05.2022;2252.8;1704.24
16.05.2022;1563.84;1499.92
23.05.2022;3248.28;1377.76
30.05.2022;867.12;1268.52
06.06.2022;1205.96;1198.2
13.06.2022;1189.68;1951.52
20.06.2022;1319.92;3378.88
27.06.2022;641.12;1741.32
04.07.2022;3465.6;2922.88
11.07.2022;3323.92;2593
18.07.2022;2834.76;2987.24
25.07.2022;2785.68;2999.92
01.08.2022;2831.88;2503.88
08.08.2022;2916.84;2366.96
15.08.2022;2943.4;2466.16
22.08.2022;3154.16;2298.96
29.08.2022;3723.88;2633
05.09.2022;3037.72;2676.92
12.09.2022;4415.2;2685.12
19.09.2022;3229.4;4115.08
26.09.2022;5725.8;5570.44
03.10.2022;6199.76;5077
10.10.2022;3552.52;4369.12
17.10.2022;3123.08;3708.52
24.10.2022;2400.92;2438.52
31.10.2022;2397.6;2057.04
07.11.2022;1885.12;2043.92
14.11.2022;1535.92;1919.08
21.11.2022;1754.88;2057.96
28.11.2022;1409.32;2502
05.12.2022;1282.8;1946.56
12.12.2022;1296.32;2397.52
19.12.2022;2304.52;1635.68
26.12.2022;2435.52;952.04
02.01.2023;2159.64;1143.2
09.01.2023;2194.88;1109.16
16.01.2023;2195.08;2182.76
23.01.2023;827.28;1545
30.01.2023;1621.48;1054.12
06.02.2023;997.12;1177.04
13.02.2023;906.2;1031.52
20.02.2023;1075.64;741.56
27.02.2023;865.56;832.2
06.03.2023;956;838.24
13.03.2023;1648.52;1030.84
20.03.2023;1793.48;1004.52
27.03.2023;1514.64;1094.84
03.04.2023;761.76;975.44
10.04.2023;1048.48;980.72
17.04.2023;996.36;916.24
24.04.2023;920.2;999.56
01.05.2023;946.44;867.76
08.05.2023;785.96;819.52
15.05.2023;1328.6;913.12
22.05.2023;2244.64;1314.08
29.05.2023;3785.28;1920.88
05.06.2023;2926.04;1817.68
12.06.2023;6546.64;5196.48
19.06.2023;8546.32;9297.52
26.06.2023;8697.48;6946.76
03.07.2023;13169.28;10695.24
10.07.2023;9453.6;6305.92
17.07.2023;7944.16;5846.96
24.07.2023;6303.4;6350.56
31.07.2023;4352;3226.52
07.08.2023;3909.4;2503.08
14.08.2023;2027.24;1912.4
21.08.2023;1400.56;1714.6
28.08.2023;1409.32;1528.56
04.09.2023;1717.76;1591.08
11.09.2023;2370.4;3272.12
18.09.2023;3773.96;2839.92
25.09.2023;2404.16;3009.16
02.10.2023;3308.4;2117.68
09.10.2023;3182.76;2058.56
16.10.2023;4368.84;4691.08
23.10.2023;2152.12;1785.76
30.10.2023;2998.16;1373.88
06.11.2023;1810.68;1364.28
13.11.2023;1553.48;1316.84
20.11.2023;3384.8;2442.64
27.11.2023;939.92;2271.52
04.12.2023;1005.76;2215.72
11.12.2023;1270.92;1739.2
18.12.2023;2245.44;1357.48
25.12.2023;2391.08;1208.72
01.01.2024;1671.72;1089.24
08.01.2024;731.72;1132.44
15.01.2024;651.04;1019.8
22.01.2024;1210.52;929.48
29.01.2024;1041.68;881.28
05.02.2024;1077.12;846.56
12.02.2024;548.68;687.48
19.02.2024;811.44;812.76
26.02.2024;569.84;821.8
04.03.2024;671.76;811.8
11.03.2024;726.48;794.08
18.03.2024;855.72;1222.12
25.03.2024;1281.96;1206.84
01.04.2024;1521.6;1047.88
08.04.2024;1633.56;1316.44
15.04.2024;1848.44;3137.44
22.04.2024;1548.48;2701.6
29.04.2024;2039.92;2143.56
06.05.2024;1680.48;2071.72
13.05.2024;2857.12;3466.44
20.05.2024;2412.12;2382.36
27.05.2024;1817.16;2005.96
03.06.2024;4044.2;5083.52
10.06.2024;3374.96;3187.08
17.06.2024;2484.92;3207.64
24.06.2024;2492.44;2671.44
01.07.2024;2763.6;2497.04
08.07.2024;2246.76;2482
15.07.2024;2852.08;3402.28
22.07.2024;2000.52;2231.24
29.07.2024;2062.72;2013
05.08.2024;2670.52;2380.52
12.08.2024;2515.52;2511.08
19.08.2024;3434.28;2712.88
26.08.2024;2575.48;2626.52
02.09.2024;2487.52;2822.4
09.09.2024;2492.16;2345.88
16.09.2024;2945.36;2658.56
23.09.2024;2485.12;2176.2
30.09.2024;1839.6;1910.32
07.10.2024;1614.2;1912.28
14.10.2024;2132.48;3403.6
21.10.2024;1283.68;2502.08
28.10.2024;835.04;1796.76
04.11.2024;584.12;5142.64
11.11.2024;493;2442.6
18.11.2024;917.76;1480.04
25.11.2024;1031.88;2320.32
02.12.2024;868.32;3082.08
09.12.2024;761.88;4482.52
16.12.2024;1577.32;1789.76
23.12.2024;837.72;1166.96
30.12.2024;1089.8;967.76
06.01.2025;1004.64;1452.16
13.01.2025;419.32;3115.92
20.01.2025;450.96;2718.56
27.01.2025;932.8;1631.48
03.02.2025;354.84;2419.76
10.02.2025;372.16;1987.52
17.02.2025;656.4;2597.72
24.02.2025;636.6;1802.36
03.03.2025;2038.24;2037.64
10.03.2025;1143.24;1910.72
17.03.2025;2688.28;2222.72
24.03.2025;1935.72;1836.92
31.03.2025;2926.96;2237.44
07.04.2025;3019.24;2219
14.04.2025;2529.52;2012.84
21.04.2025;2298.72;2140.92
28.04.2025;5959.52;4066.2
05.05.2025;2887.84;2339.36
12.05.2025;9682.16;5484.44
19.05.2025;4296.12;3005.6
26.05.2025;3833.6;2535.92
02.06.2025;3759.68;3118.32
09.06.2025;3748;2555.56
16.06.2025;3825.92;3064.8
23.06.2025;6564.72;4001.64
30.06.2025;4391.28;3961.56
07.07.2025;2923.2;2576.04
14.07.2025;2096.76;1976.68
21.07.2025;1835.12;1710.48
28.07.2025;1684.84;1325
04.08.2025;2849.68;1772.56
11.08.2025;3170.68;2164.28
18.08.2025;2896.12;2116.8
25.08.2025;3889.68;3864.8
01.09.2025;3549.68;3853.52
08.09.2025;3554.32;4578
15.09.2025;5676;6372
22.09.2025;4872.08;6271.6
29.09.2025;2881.04;5558.36
06.10.2025;2458.92;5815.96
13.10.2025;1703.44;5357.2
20.10.2025;3400.8;4726.2
27.10.2025;2358.32;3057.24
03.11.2025;1564.8;3151.44
10.11.2025;1268.64;2522.76
17.11.2025;590.76;1840.72
24.11.2025;507.44;3503.44
01.12.2025;69.08;351.16
